Player,Tm,G,GS,MP,FGM,FGA,FTM,FTA,TRB,AST,STL,BLK,TOV,PF,PTS
Álex Abrines,OKC,31.0,2.0,19.0,1.8,5.1,0.4,0.4,1.5,0.6,0.5,0.2,0.5,1.7,5.3
Quincy Acy,PHO,10.0,0.0,12.3,0.4,1.8,0.7,1.0,2.5,0.8,0.1,0.4,0.4,2.4,1.7
Jaylen Adams,ATL,34.0,1.0,12.6,1.1,3.2,0.2,0.3,1.8,1.9,0.4,0.1,0.8,1.3,3.2
Steven Adams,OKC,80.0,80.0,33.4,6.0,10.1,1.8,3.7,9.5,1.6,1.5,1.0,1.7,2.6,13.9
Bam Adebayo,MIA,82.0,28.0,23.3,3.4,5.9,2.0,2.8,7.3,2.2,0.9,0.8,1.5,2.5,8.9
Deng Adel,CLE,19.0,3.0,10.2,0.6,1.9,0.2,0.2,1.0,0.3,0.1,0.2,0.3,0.7,1.7
DeVaughn Akoon-Purcell,DEN,7.0,0.0,3.1,0.4,1.4,0.1,0.3,0.6,0.9,0.3,0.0,0.3,0.6,1.0
LaMarcus Aldridge,SAS,81.0,81.0,33.2,8.4,16.3,4.3,5.1,9.2,2.4,0.5,1.3,1.8,2.2,21.3
Rawle Alkins,CHI,10.0,1.0,12.0,1.3,3.9,0.8,1.2,2.6,1.3,0.1,0.0,0.8,0.7,3.7
Grayson Allen,UTA,38.0,2.0,10.9,1.8,4.7,1.2,1.6,0.6,0.7,0.2,0.2,0.9,1.2,5.6
Jarrett Allen,BRK,80.0,80.0,26.2,4.2,7.1,2.5,3.5,8.4,1.4,0.5,1.5,1.3,2.3,10.9
Kadeem Allen,NYK,19.0,1.0,21.9,3.4,7.4,2.2,2.8,2.7,4.0,0.8,0.2,1.4,2.4,9.9
Al-Farouq Aminu,POR,81.0,81.0,28.3,3.2,7.3,1.9,2.1,7.5,1.3,0.8,0.4,0.9,1.8,9.4
Justin Anderson,ATL,48.0,4.0,9.6,1.3,3.3,0.5,0.7,1.8,0.5,0.5,0.3,0.5,1.0,3.7
Kyle Anderson,MEM,43.0,40.0,29.8,3.5,6.4,0.9,1.5,5.8,3.0,1.3,0.9,1.3,2.6,8.0
Ryan Anderson,TOT,25.0,8.0,12.9,0.8,2.8,0.5,0.6,2.2,0.8,0.2,0.0,0.6,1.0,2.5
Ryan Anderson,PHO,15.0,8.0,18.5,1.3,4.0,0.7,0.9,3.0,1.1,0.2,0.1,0.8,1.5,3.7
Ryan Anderson,MIA,10.0,0.0,4.4,0.2,0.9,0.1,0.2,0.9,0.2,0.1,0.0,0.2,0.2,0.7
Ike Anigbogu,IND,3.0,0.0,2.0,0.0,1.0,0.0,0.0,1.0,0.3,0.0,0.3,0.3,0.0,0.0
Giannis Antetokounmpo,MIL,72.0,72.0,32.8,10.0,17.3,6.9,9.5,12.5,5.9,1.3,1.5,3.7,3.2,27.7
Kostas Antetokounmpo,DAL,2.0,0.0,5.5,0.0,1.5,1.0,2.0,0.5,0.0,1.0,0.0,0.5,0.0,1.0
Carmelo Anthony,HOU,10.0,2.0,29.4,4.9,12.1,1.5,2.2,5.4,0.5,0.4,0.7,0.8,3.2,13.4
OG Anunoby,TOR,67.0,6.0,20.2,2.7,6.0,0.5,0.9,2.9,0.7,0.7,0.3,0.8,2.1,7.0
Ryan Arcidiacono,CHI,81.0,32.0,24.2,2.3,5.2,1.1,1.3,2.7,3.3,0.8,0.0,0.8,2.1,6.7
Trevor Ariza,TOT,69.0,69.0,34.0,4.3,10.7,1.9,2.4,5.4,3.7,1.3,0.3,1.5,1.9,12.5
Trevor Ariza,PHO,26.0,26.0,34.0,3.3,8.7,1.4,1.7,5.6,3.3,1.5,0.3,1.5,1.7,9.9
Trevor Ariza,WAS,43.0,43.0,34.1,4.8,11.8,2.2,2.8,5.3,3.8,1.2,0.3,1.6,2.0,14.1
D.J. Augustin,ORL,81.0,81.0,28.0,3.9,8.4,2.2,2.6,2.5,5.3,0.6,0.0,1.6,1.4,11.7
Deandre Ayton,PHO,71.0,70.0,30.7,7.2,12.3,2.0,2.7,10.3,1.8,0.9,0.9,1.8,2.9,16.3
Dwayne Bacon,CHO,43.0,13.0,17.7,2.8,6.0,0.8,1.1,2.1,1.1,0.3,0.1,0.4,1.7,7.3
Marvin Bagley,SAC,62.0,4.0,25.3,5.7,11.4,2.9,4.2,7.6,1.0,0.5,1.0,1.6,1.9,14.9
Ron Baker,TOT,15.0,0.0,10.1,0.3,1.3,0.3,0.4,0.7,1.0,0.4,0.1,0.3,1.2,0.9
Ron Baker,NYK,11.0,0.0,9.7,0.4,1.5,0.5,0.5,0.6,1.2,0.5,0.0,0.3,1.5,1.3
Ron Baker,WAS,4.0,0.0,11.3,0.0,1.0,0.0,0.0,1.0,0.5,0.3,0.3,0.5,0.5,0.0
Wade Baldwin,POR,16.0,0.0,5.9,0.6,2.1,0.5,0.7,0.9,0.8,0.1,0.1,0.9,0.7,1.9
Lonzo Ball,LAL,47.0,45.0,30.3,3.9,9.7,0.4,1.0,5.3,5.4,1.5,0.4,2.2,2.4,9.9
Mo Bamba,ORL,47.0,1.0,16.3,2.5,5.2,0.8,1.3,5.0,0.8,0.3,1.4,0.9,2.2,6.2
J.J. Barea,DAL,38.0,0.0,19.8,4.2,10.1,1.4,2.1,2.5,5.6,0.6,0.0,1.9,1.3,10.9
Harrison Barnes,TOT,77.0,77.0,32.9,5.6,13.3,3.0,3.6,4.7,1.5,0.6,0.2,1.3,1.6,16.4
Harrison Barnes,DAL,49.0,49.0,32.3,5.9,14.6,3.4,4.0,4.2,1.3,0.7,0.2,1.4,1.6,17.7
Harrison Barnes,SAC,28.0,28.0,33.9,5.0,11.1,2.3,2.9,5.5,1.9,0.6,0.1,1.1,1.5,14.3
Will Barton,DEN,43.0,38.0,27.7,4.3,10.7,1.3,1.7,4.6,2.9,0.4,0.5,1.5,1.9,11.5
Keita Bates-Diop,MIN,30.0,3.0,16.8,2.0,4.7,0.6,0.9,2.8,0.6,0.6,0.5,0.5,1.0,5.0
Nicolas Batum,CHO,75.0,72.0,31.4,3.4,7.5,1.0,1.2,5.2,3.3,0.9,0.6,1.6,1.9,9.3
Jerryd Bayless,MIN,34.0,6.0,19.3,2.4,6.8,0.5,0.8,1.8,3.5,0.5,0.1,0.9,1.6,6.1
Aron Baynes,BOS,51.0,18.0,16.1,2.1,4.4,1.0,1.2,4.7,1.1,0.2,0.7,0.8,2.5,5.6
Kent Bazemore,ATL,67.0,35.0,24.5,4.1,10.3,1.9,2.6,3.9,2.3,1.3,0.6,1.8,2.5,11.6
Bradley Beal,WAS,82.0,82.0,36.9,9.3,19.6,4.4,5.5,5.0,5.5,1.5,0.7,2.7,2.8,25.6
Malik Beasley,DEN,81.0,18.0,23.2,4.3,9.1,0.7,0.8,2.5,1.2,0.7,0.1,0.7,1.4,11.3
Michael Beasley,LAL,26.0,2.0,10.7,2.9,5.9,1.1,1.5,2.3,1.0,0.3,0.4,1.0,1.6,7.0
Marco Belinelli,SAS,79.0,1.0,23.0,3.6,8.7,1.4,1.6,2.5,1.7,0.4,0.1,0.9,1.5,10.5
Jordan Bell,GSW,68.0,3.0,11.6,1.5,2.8,0.4,0.6,2.7,1.1,0.3,0.8,0.6,1.2,3.3
DeAndre' Bembry,ATL,82.0,15.0,23.5,3.4,7.5,1.1,1.7,4.4,2.5,1.3,0.5,1.7,2.3,8.4
Dragan Bender,PHO,46.0,27.0,18.0,1.9,4.3,0.7,1.2,4.0,1.2,0.4,0.5,0.8,2.0,5.0
Dairis Bertāns,NOP,12.0,0.0,13.9,1.0,3.9,0.0,0.0,0.8,0.8,0.1,0.0,0.2,0.6,2.8
Dāvis Bertāns,SAS,76.0,12.0,21.5,2.7,6.0,0.7,0.8,3.5,1.3,0.5,0.4,0.6,1.8,8.0
Patrick Beverley,LAC,78.0,49.0,27.4,2.5,6.1,1.2,1.6,5.0,3.8,0.9,0.6,1.1,3.4,7.6
Khem Birch,ORL,50.0,1.0,12.9,1.8,3.0,1.2,1.7,3.8,0.8,0.4,0.6,0.4,1.4,4.8
Bismack Biyombo,CHO,54.0,32.0,14.5,1.6,2.9,1.1,1.7,4.6,0.6,0.2,0.8,0.6,1.9,4.4
Nemanja Bjelica,SAC,77.0,70.0,23.2,3.7,7.7,0.9,1.2,5.8,1.9,0.7,0.7,1.1,2.6,9.6
Antonio Blakeney,CHI,57.0,3.0,14.5,2.9,6.9,0.9,1.3,1.9,0.7,0.2,0.2,0.6,0.7,7.3
Eric Bledsoe,MIL,78.0,78.0,29.1,6.0,12.4,2.3,3.0,4.6,5.5,1.5,0.4,2.1,2.0,15.9
Jaron Blossomgame,CLE,27.0,4.0,16.3,1.7,3.9,0.4,0.5,3.6,0.5,0.3,0.3,0.4,0.7,4.2
Bogdan Bogdanović,SAC,70.0,17.0,27.8,5.2,12.3,1.9,2.3,3.5,3.8,1.0,0.2,1.7,2.0,14.1
Bojan Bogdanović,IND,81.0,81.0,31.8,6.4,13.0,3.0,3.8,4.1,2.0,0.9,0.0,1.7,1.7,18.0
Andrew Bogut,GSW,11.0,5.0,12.2,1.6,3.3,0.3,0.3,5.0,1.0,0.3,0.7,0.7,2.0,3.5
Jonah Bolden,PHI,44.0,10.0,14.5,1.8,3.7,0.3,0.6,3.8,0.9,0.4,0.9,0.8,2.3,4.7
Isaac Bonga,LAL,22.0,0.0,5.5,0.2,1.5,0.4,0.7,1.1,0.7,0.4,0.2,0.3,0.4,0.9
Devin Booker,PHO,64.0,64.0,35.0,9.2,19.6,6.1,7.1,4.1,6.8,0.9,0.2,4.1,3.1,26.6
Chris Boucher,TOR,28.0,0.0,5.8,1.2,2.7,0.5,0.5,2.0,0.1,0.2,0.9,0.3,1.1,3.3
Avery Bradley,TOT,63.0,63.0,30.2,3.9,9.7,0.7,0.8,2.8,2.4,0.7,0.3,1.4,2.7,9.9
Avery Bradley,LAC,49.0,49.0,29.9,3.3,8.6,0.4,0.5,2.7,2.0,0.6,0.3,1.2,2.7,8.2
Avery Bradley,MEM,14.0,14.0,31.6,6.2,13.4,1.6,1.8,3.1,4.0,1.0,0.0,2.0,2.4,16.1
Tony Bradley,UTA,3.0,0.0,12.0,2.7,5.3,0.3,0.7,5.0,0.3,0.7,0.7,1.0,2.0,5.7
Corey Brewer,TOT,31.0,3.0,15.9,1.7,4.0,1.0,1.4,2.5,1.3,1.0,0.2,0.6,2.0,4.9
Corey Brewer,PHI,7.0,3.0,20.0,2.9,7.0,1.3,1.9,2.4,1.4,1.7,0.3,1.1,2.3,7.6
Corey Brewer,SAC,24.0,0.0,14.7,1.4,3.1,0.9,1.3,2.5,1.2,0.8,0.2,0.5,2.0,4.1
Mikal Bridges,PHO,82.0,56.0,29.5,3.0,6.9,1.2,1.4,3.2,2.1,1.6,0.5,0.9,2.5,8.3
Miles Bridges,CHO,80.0,25.0,21.2,3.0,6.4,0.7,1.0,4.0,1.2,0.7,0.6,0.6,1.4,7.5
Isaiah Briscoe,ORL,39.0,0.0,14.3,1.4,3.5,0.4,0.7,1.9,2.2,0.3,0.1,0.8,1.7,3.5
Ryan Broekhoff,DAL,42.0,0.0,10.8,1.4,3.0,0.4,0.5,1.5,0.5,0.1,0.1,0.4,0.8,4.0
Malcolm Brogdon,MIL,64.0,64.0,28.6,5.9,11.7,2.2,2.4,4.5,3.2,0.7,0.2,1.4,1.6,15.6
Dillon Brooks,MEM,18.0,0.0,18.3,2.7,6.8,1.2,1.7,1.7,0.9,0.6,0.2,1.1,2.8,7.5
MarShon Brooks,MEM,29.0,0.0,13.3,2.6,5.8,0.8,1.1,1.6,0.9,0.3,0.1,0.7,1.1,6.6
Bruce Brown,DET,74.0,56.0,19.6,1.7,4.2,0.6,0.8,2.5,1.2,0.5,0.5,0.6,2.4,4.3
Jaylen Brown,BOS,74.0,25.0,25.9,5.0,10.7,1.8,2.7,4.2,1.4,0.9,0.4,1.3,2.5,13.0
Lorenzo Brown,TOR,26.0,0.0,8.2,0.9,2.7,0.1,0.1,1.2,1.1,0.5,0.2,0.6,0.8,2.1
Sterling Brown,MIL,58.0,7.0,17.8,2.5,5.4,0.5,0.7,3.2,1.4,0.4,0.1,0.8,1.5,6.4
Troy Brown,WAS,52.0,10.0,14.0,1.9,4.5,0.6,0.9,2.8,1.5,0.4,0.1,0.6,1.1,4.8
Jalen Brunson,DAL,73.0,38.0,21.8,3.6,7.7,1.2,1.6,2.3,3.2,0.5,0.1,1.2,1.7,9.3
Thomas Bryant,WAS,72.0,53.0,20.8,4.3,7.0,1.5,1.9,6.3,1.3,0.3,0.9,0.8,1.8,10.5
Reggie Bullock,TOT,63.0,60.0,29.8,3.9,9.4,1.2,1.3,2.7,2.0,0.6,0.2,1.0,1.7,11.3
Reggie Bullock,DET,44.0,44.0,30.8,4.1,10.0,1.3,1.5,2.8,2.5,0.5,0.1,1.2,1.8,12.1
Reggie Bullock,LAL,19.0,16.0,27.6,3.3,8.1,0.9,1.1,2.6,1.1,0.8,0.4,0.6,1.6,9.3
Trey Burke,TOT,58.0,8.0,19.4,4.1,9.4,1.8,2.1,1.7,2.7,0.6,0.1,0.8,1.0,10.9
Trey Burke,NYK,33.0,7.0,20.9,4.5,10.8,1.9,2.3,1.9,2.8,0.6,0.2,0.9,1.0,11.8
Trey Burke,DAL,25.0,1.0,17.4,3.5,7.6,1.6,2.0,1.5,2.6,0.5,0.1,0.8,1.0,9.7
Alec Burks,TOT,64.0,24.0,21.5,3.0,7.4,1.8,2.2,3.7,2.0,0.6,0.3,1.0,1.4,8.8
Alec Burks,UTA,17.0,0.0,15.8,2.8,6.7,1.9,2.2,1.6,1.2,0.4,0.2,0.9,1.3,8.4
Alec Burks,CLE,34.0,24.0,28.8,4.0,10.0,2.3,2.9,5.5,2.9,0.7,0.5,1.4,1.8,11.6
Alec Burks,SAC,13.0,0.0,9.8,0.7,1.5,0.3,0.4,1.7,0.8,0.6,0.1,0.3,0.5,1.7
Deonte Burton,OKC,32.0,0.0,7.5,1.0,2.6,0.3,0.4,0.9,0.3,0.2,0.3,0.3,1.0,2.6
Jimmy Butler,TOT,65.0,65.0,33.6,6.4,13.9,4.8,5.6,5.3,4.0,1.9,0.6,1.5,1.7,18.7
Jimmy Butler,MIN,10.0,10.0,36.1,7.4,15.7,4.8,6.1,5.2,4.3,2.4,1.0,1.4,1.8,21.3
Jimmy Butler,PHI,55.0,55.0,33.2,6.3,13.6,4.8,5.5,5.3,4.0,1.8,0.5,1.5,1.7,18.2
Bruno Caboclo,MEM,34.0,19.0,23.5,2.8,6.6,1.2,1.5,4.6,1.5,0.4,1.0,1.1,2.4,8.3
José Calderón,DET,49.0,0.0,12.9,0.9,2.4,0.2,0.2,1.2,2.3,0.3,0.1,0.7,1.3,2.3
Kentavious Caldwell-Pope,LAL,82.0,23.0,24.8,4.0,9.2,1.7,1.9,2.9,1.3,0.9,0.2,0.8,1.7,11.4
Isaiah Canaan,TOT,30.0,16.0,21.0,2.1,5.5,0.6,0.8,1.9,2.8,0.5,0.1,1.2,1.7,6.0
Isaiah Canaan,PHO,19.0,15.0,26.5,2.7,6.8,0.8,1.1,2.6,3.3,0.6,0.0,1.5,2.4,7.5
Isaiah Canaan,MIN,7.0,1.0,13.6,1.6,4.1,0.6,0.6,0.7,2.7,0.3,0.1,0.6,0.6,4.7
Isaiah Canaan,MIL,4.0,0.0,7.8,0.5,1.5,0.0,0.0,1.0,0.8,0.0,0.3,0.5,0.5,1.5
Clint Capela,HOU,67.0,67.0,33.6,7.1,10.9,2.5,3.9,12.7,1.4,0.7,1.5,1.4,2.5,16.6
DeMarre Carroll,BRK,67.0,8.0,25.4,3.4,8.6,2.7,3.6,5.2,1.3,0.5,0.1,1.1,1.7,11.1
Jevon Carter,MEM,39.0,3.0,14.8,1.4,4.7,0.7,0.8,1.7,1.8,0.7,0.3,0.8,1.4,4.4
Vince Carter,ATL,76.0,9.0,17.5,2.6,6.2,0.6,0.9,2.6,1.1,0.6,0.4,0.6,1.9,7.4
Wendell Carter,CHI,44.0,44.0,25.2,4.1,8.4,2.0,2.5,7.0,1.8,0.6,1.3,1.5,3.5,10.3
Michael Carter-Williams,TOT,28.0,1.0,13.3,1.6,4.4,1.1,1.9,2.5,2.5,0.7,0.5,0.7,1.7,4.8
Michael Carter-Williams,HOU,16.0,1.0,9.1,1.6,3.8,0.8,1.6,0.8,1.3,0.6,0.4,0.6,1.7,4.3
Michael Carter-Williams,ORL,12.0,0.0,18.9,1.8,5.2,1.7,2.3,4.8,4.1,0.9,0.8,0.8,1.8,5.4
Alex Caruso,LAL,25.0,4.0,21.2,3.1,6.9,2.0,2.6,2.7,3.1,1.0,0.4,1.7,2.2,9.2
Omri Casspi,MEM,36.0,0.0,14.4,2.4,4.5,1.1,1.6,3.2,0.7,0.6,0.3,0.6,1.0,6.3
Willie Cauley-Stein,SAC,81.0,81.0,27.3,5.1,9.1,1.7,3.1,8.4,2.4,1.2,0.6,1.0,2.8,11.9
Troy Caupain,ORL,4.0,0.0,4.0,1.0,2.0,0.0,0.0,0.8,1.0,0.3,0.0,0.0,0.0,2.5
Tyler Cavanaugh,UTA,11.0,0.0,3.5,0.3,0.9,0.2,0.2,0.7,0.1,0.0,0.0,0.1,0.3,0.8
Tyson Chandler,TOT,55.0,6.0,15.9,1.1,1.8,0.9,1.6,5.6,0.7,0.4,0.4,0.8,2.0,3.1
Tyson Chandler,PHO,7.0,0.0,12.7,1.1,1.7,1.4,2.6,5.6,0.9,0.3,0.1,1.0,3.0,3.7
Tyson Chandler,LAL,48.0,6.0,16.4,1.1,1.8,0.9,1.4,5.6,0.6,0.4,0.5,0.7,1.9,3.1
Wilson Chandler,TOT,51.0,33.0,23.1,2.2,5.4,0.4,0.5,4.2,1.6,0.5,0.4,0.9,2.4,6.0
Wilson Chandler,PHI,36.0,32.0,26.4,2.5,5.8,0.4,0.5,4.7,2.0,0.6,0.5,1.1,2.6,6.7
Wilson Chandler,LAC,15.0,1.0,15.1,1.5,4.4,0.3,0.5,3.1,0.7,0.2,0.2,0.5,1.9,4.3
Joe Chealey,CHO,1.0,0.0,8.0,1.0,3.0,0.0,0.0,0.0,1.0,0.0,0.0,0.0,1.0,2.0
Chris Chiozza,HOU,7.0,0.0,4.7,0.3,1.1,0.0,0.0,0.6,0.6,0.1,0.1,0.1,0.3,0.9
Marquese Chriss,TOT,43.0,2.0,11.6,1.6,4.2,0.7,1.0,3.3,0.5,0.4,0.3,0.8,1.9,4.2
Marquese Chriss,HOU,16.0,0.0,6.5,0.7,2.1,0.4,0.4,1.8,0.4,0.1,0.3,0.8,1.1,1.8
Marquese Chriss,CLE,27.0,2.0,14.6,2.1,5.4,1.0,1.4,4.2,0.6,0.6,0.3,0.9,2.4,5.7
Gary Clark,HOU,51.0,2.0,12.6,1.0,3.0,0.1,0.1,2.3,0.4,0.4,0.5,0.1,0.9,2.9
Ian Clark,NOP,60.0,6.0,16.2,2.5,6.4,0.6,0.6,1.5,1.6,0.4,0.1,1.0,1.6,6.7
Jordan Clarkson,CLE,81.0,0.0,27.3,6.5,14.6,2.0,2.4,3.3,2.4,0.7,0.2,1.7,1.4,16.8
John Collins,ATL,61.0,59.0,30.0,7.6,13.6,3.3,4.4,9.8,2.0,0.4,0.6,2.0,3.3,19.5
Zach Collins,POR,77.0,0.0,17.6,2.5,5.2,1.2,1.6,4.2,0.9,0.3,0.9,1.0,2.3,6.6
Darren Collison,IND,76.0,76.0,28.2,4.1,8.7,2.1,2.5,3.1,6.0,1.4,0.1,1.6,1.8,11.2
Bonzie Colson,MIL,8.0,2.0,12.3,1.6,4.9,1.0,1.1,3.8,0.4,0.6,0.1,0.4,0.4,4.9
Mike Conley,MEM,70.0,70.0,33.5,7.0,16.0,4.9,5.8,3.4,6.4,1.3,0.3,1.9,1.8,21.1
Pat Connaughton,MIL,61.0,2.0,20.7,2.7,5.7,0.5,0.7,4.2,2.0,0.5,0.4,0.5,1.3,6.9
Quinn Cook,GSW,74.0,10.0,14.3,2.8,5.9,0.3,0.4,2.1,1.6,0.3,0.0,0.7,1.2,6.9
DeMarcus Cousins,GSW,30.0,30.0,25.7,5.9,12.4,3.5,4.8,8.2,3.6,1.3,1.5,2.4,3.6,16.3
Robert Covington,TOT,35.0,35.0,34.4,4.5,10.3,1.9,2.5,5.5,1.3,2.1,1.3,1.3,3.6,13.3
Robert Covington,PHI,13.0,13.0,33.8,3.8,9.0,1.3,1.8,5.2,1.1,1.8,1.8,1.7,3.5,11.3
Robert Covington,MIN,22.0,22.0,34.7,4.8,11.1,2.3,3.0,5.7,1.5,2.3,1.1,1.1,3.7,14.5
Allen Crabbe,BRK,43.0,20.0,26.3,3.2,8.7,1.0,1.3,3.4,1.1,0.5,0.3,1.1,2.4,9.6
Torrey Craig,DEN,75.0,37.0,20.0,2.1,4.8,0.7,0.9,3.5,1.0,0.5,0.6,0.6,2.3,5.7
Jamal Crawford,PHO,64.0,0.0,18.9,2.7,6.8,1.5,1.7,1.3,3.6,0.5,0.2,1.5,1.2,7.9
Mitch Creek,TOT,5.0,0.0,9.6,1.6,3.2,1.0,1.4,2.4,1.2,0.4,0.0,0.2,0.6,4.2
Mitch Creek,BRK,4.0,0.0,9.0,1.3,2.5,1.3,1.8,2.5,1.3,0.3,0.0,0.0,0.8,3.8
Mitch Creek,MIN,1.0,0.0,12.0,3.0,6.0,0.0,0.0,2.0,1.0,1.0,0.0,1.0,0.0,6.0
Jae Crowder,UTA,80.0,11.0,27.1,4.0,10.0,1.8,2.5,4.8,1.7,0.8,0.4,1.1,2.1,11.9
Dante Cunningham,SAS,64.0,21.0,14.5,1.2,2.5,0.2,0.3,2.9,0.8,0.4,0.2,0.3,1.1,3.0
Seth Curry,POR,74.0,2.0,18.9,2.9,6.3,0.6,0.7,1.6,0.9,0.5,0.2,0.8,1.3,7.9
Stephen Curry,GSW,69.0,69.0,33.8,9.2,19.4,3.8,4.2,5.3,5.2,1.3,0.4,2.8,2.4,27.3
Troy Daniels,PHO,51.0,1.0,14.9,2.2,5.4,0.4,0.5,1.4,0.5,0.5,0.1,0.5,1.5,6.2
Anthony Davis,NOP,56.0,56.0,33.0,9.5,18.3,6.1,7.7,12.0,3.9,1.6,2.4,2.0,2.4,25.9
Deyonta Davis,ATL,9.0,0.0,13.1,1.7,2.4,0.7,1.1,4.0,0.6,0.3,0.6,0.3,1.3,4.0
Ed Davis,BRK,81.0,1.0,17.9,2.3,3.7,1.2,2.0,8.6,0.8,0.4,0.4,0.8,2.8,5.8
Tyler Davis,OKC,1.0,0.0,1.0,0.0,1.0,0.0,0.0,1.0,0.0,0.0,0.0,0.0,0.0,0.0
Dewayne Dedmon,ATL,64.0,52.0,25.1,4.0,8.2,1.4,1.8,7.5,1.4,1.1,1.1,1.3,3.3,10.8
Sam Dekker,TOT,47.0,5.0,16.8,2.6,5.4,0.6,1.0,3.1,1.0,0.8,0.1,0.5,1.0,6.1
Sam Dekker,CLE,9.0,5.0,18.8,2.4,5.3,0.9,1.1,3.7,1.0,1.2,0.0,0.6,1.4,6.3
Sam Dekker,WAS,38.0,0.0,16.3,2.6,5.5,0.5,0.9,3.0,1.0,0.7,0.2,0.5,0.9,6.1
Ángel Delgado,LAC,2.0,0.0,7.5,0.5,2.5,0.5,1.0,2.0,0.0,0.5,0.0,0.0,1.0,1.5
Matthew Dellavedova,TOT,48.0,0.0,16.9,2.0,5.0,0.9,1.1,1.6,3.8,0.3,0.0,1.4,1.6,5.9
Matthew Dellavedova,MIL,12.0,0.0,8.1,0.5,1.6,0.3,0.3,0.8,2.4,0.2,0.0,0.9,0.8,1.7
Matthew Dellavedova,CLE,36.0,0.0,19.9,2.6,6.2,1.1,1.3,1.9,4.2,0.3,0.1,1.6,1.8,7.3
Luol Deng,MIN,22.0,2.0,17.8,2.7,5.4,1.1,1.6,3.3,0.8,0.7,0.4,0.6,1.1,7.1
DeMar DeRozan,SAS,77.0,77.0,34.9,8.2,17.1,4.8,5.7,6.0,6.2,1.1,0.5,2.6,2.3,21.2
Marcus Derrickson,GSW,11.0,0.0,6.1,1.5,3.0,0.4,0.5,1.2,0.1,0.0,0.1,0.3,0.8,4.2
Cheick Diallo,NOP,64.0,1.0,14.0,2.6,4.2,0.8,1.0,5.2,0.5,0.5,0.5,0.8,1.8,6.0
Hamidou Diallo,OKC,51.0,3.0,10.3,1.5,3.2,0.7,1.2,1.9,0.3,0.4,0.2,0.5,1.5,3.7
Gorgui Dieng,MIN,76.0,2.0,13.6,2.5,5.0,1.2,1.4,4.1,0.9,0.6,0.5,0.8,1.8,6.4
Spencer Dinwiddie,BRK,68.0,4.0,28.1,5.4,12.2,4.2,5.2,2.4,4.6,0.6,0.3,2.2,2.8,16.8
Donte DiVincenzo,MIL,27.0,0.0,15.2,1.9,4.6,0.3,0.4,2.4,1.1,0.5,0.2,0.7,1.4,4.9
Luka Dončić,DAL,72.0,72.0,32.2,7.0,16.5,4.8,6.7,7.8,6.0,1.1,0.3,3.4,1.9,21.2
Tyler Dorsey,TOT,48.0,11.0,14.5,2.2,5.5,0.8,1.3,2.4,1.2,0.3,0.0,0.6,1.1,6.2
Tyler Dorsey,ATL,27.0,0.0,9.3,1.2,3.3,0.6,1.0,1.6,0.6,0.3,0.0,0.4,0.7,3.3
Tyler Dorsey,MEM,21.0,11.0,21.3,3.6,8.3,1.0,1.7,3.3,1.9,0.3,0.0,0.8,1.6,9.8
Damyean Dotson,NYK,73.0,40.0,27.5,4.0,9.6,1.0,1.3,3.6,1.8,0.8,0.1,1.0,1.8,10.7
PJ Dozier,BOS,6.0,0.0,8.5,1.3,3.5,0.2,0.3,2.8,0.8,0.3,0.0,0.0,0.3,3.2
Goran Dragić,MIA,36.0,22.0,27.5,5.0,12.0,2.2,2.8,3.1,4.8,0.8,0.1,2.0,2.3,13.7
Andre Drummond,DET,79.0,79.0,33.5,7.1,13.3,3.1,5.2,15.6,1.4,1.7,1.7,2.2,3.4,17.3
Jared Dudley,BRK,59.0,25.0,20.7,1.7,4.1,0.5,0.8,2.6,1.4,0.6,0.3,0.7,2.2,4.9
Kris Dunn,CHI,46.0,44.0,30.2,4.7,11.0,1.2,1.5,4.1,6.0,1.5,0.5,2.3,3.6,11.3
Kevin Durant,GSW,78.0,78.0,34.6,9.2,17.7,5.7,6.5,6.4,5.9,0.7,1.1,2.9,2.0,26.0
Trevon Duval,MIL,3.0,0.0,2.0,0.7,1.0,0.0,0.0,0.3,0.7,0.0,0.0,0.0,0.0,1.7
Vince Edwards,HOU,2.0,0.0,8.0,0.5,2.0,0.0,0.0,1.0,0.0,0.0,0.0,0.0,0.0,1.5
Henry Ellenson,TOT,19.0,0.0,13.6,2.1,5.0,1.0,1.3,3.5,0.8,0.4,0.1,0.5,1.4,6.0
Henry Ellenson,DET,2.0,0.0,12.5,2.0,5.0,1.0,1.0,4.5,0.5,0.0,0.0,0.0,1.0,6.0
Henry Ellenson,NYK,17.0,0.0,13.8,2.1,5.0,1.0,1.4,3.4,0.9,0.4,0.1,0.5,1.5,6.0
Wayne Ellington,TOT,53.0,38.0,24.5,3.5,8.6,0.7,0.9,2.0,1.4,1.0,0.1,0.8,1.7,10.3
Wayne Ellington,MIA,25.0,12.0,21.3,2.8,7.4,0.6,0.6,1.9,1.2,1.0,0.1,0.6,1.6,8.4
Wayne Ellington,DET,28.0,26.0,27.3,4.1,9.8,0.9,1.2,2.1,1.5,1.1,0.1,0.9,1.9,12.0
Joel Embiid,PHI,64.0,64.0,33.7,9.1,18.7,8.2,10.1,13.6,3.7,0.7,1.9,3.5,3.3,27.5
James Ennis,TOT,58.0,27.0,21.2,2.4,5.1,1.0,1.4,3.1,0.7,0.7,0.4,0.6,2.6,6.7
James Ennis,HOU,40.0,25.0,23.7,2.6,5.3,1.1,1.5,2.9,0.7,1.0,0.4,0.6,2.8,7.4
James Ennis,PHI,18.0,2.0,15.6,1.9,4.6,0.9,1.3,3.6,0.8,0.2,0.4,0.6,2.2,5.3
Drew Eubanks,SAS,23.0,0.0,4.9,0.7,1.1,0.5,0.6,1.5,0.3,0.1,0.2,0.3,0.5,1.8
Jacob Evans,GSW,30.0,1.0,6.8,0.6,1.8,0.0,0.0,0.8,0.8,0.2,0.1,0.4,0.9,1.3
Jawun Evans,TOT,8.0,0.0,8.1,0.4,1.8,0.0,0.0,1.5,1.3,0.4,0.0,0.8,1.0,0.8
Jawun Evans,PHO,7.0,0.0,9.1,0.4,1.9,0.0,0.0,1.7,1.4,0.4,0.0,0.9,1.1,0.9
Jawun Evans,OKC,1.0,0.0,1.0,0.0,1.0,0.0,0.0,0.0,0.0,0.0,0.0,0.0,0.0,0.0
Tyreke Evans,IND,69.0,18.0,20.3,3.7,9.6,1.7,2.3,2.9,2.4,0.8,0.3,1.7,1.7,10.2
Dante Exum,UTA,42.0,1.0,15.8,2.4,5.7,1.6,2.0,1.6,2.6,0.3,0.1,1.2,1.6,6.9
Kenneth Faried,TOT,37.0,13.0,19.7,4.2,7.2,1.7,2.7,6.8,0.5,0.5,0.6,0.9,2.2,10.4
Kenneth Faried,BRK,12.0,0.0,9.8,2.1,3.5,0.8,1.3,3.7,0.2,0.2,0.3,0.5,0.7,5.1
Kenneth Faried,HOU,25.0,13.0,24.4,5.2,8.9,2.2,3.3,8.2,0.7,0.6,0.8,1.1,3.0,12.9
Derrick Favors,UTA,76.0,70.0,23.2,4.8,8.1,2.0,3.0,7.4,1.2,0.7,1.4,1.1,2.1,11.8
Cristiano Felício,CHI,60.0,0.0,12.4,1.6,3.0,0.8,1.2,3.6,0.6,0.2,0.1,0.6,1.2,4.0
Raymond Felton,OKC,33.0,0.0,11.5,1.7,4.1,0.4,0.4,1.0,1.6,0.3,0.2,0.4,0.9,4.3
Terrance Ferguson,OKC,74.0,74.0,26.1,2.5,5.8,0.5,0.7,1.9,1.0,0.5,0.2,0.6,3.1,6.9
Yogi Ferrell,SAC,71.0,3.0,15.0,2.2,5.0,0.8,0.9,1.5,1.9,0.5,0.1,0.6,0.9,5.9
Dorian Finney-Smith,DAL,81.0,26.0,24.5,2.8,6.5,0.9,1.3,4.8,1.2,0.9,0.4,0.9,2.3,7.5
Bryn Forbes,SAS,82.0,81.0,28.0,4.4,9.6,0.8,1.0,2.9,2.1,0.5,0.0,1.0,1.9,11.8
Evan Fournier,ORL,81.0,81.0,31.5,5.8,13.2,1.7,2.1,3.2,3.6,0.9,0.1,1.9,2.8,15.1
De'Aaron Fox,SAC,81.0,81.0,31.4,6.2,13.6,3.7,5.1,3.8,7.3,1.6,0.6,2.8,2.5,17.3
Melvin Frazier,ORL,10.0,0.0,4.4,0.7,2.1,0.1,0.4,0.5,0.1,0.1,0.0,0.1,0.6,1.5
Tim Frazier,TOT,59.0,19.0,19.0,2.0,4.4,0.7,0.9,2.8,4.2,0.5,0.1,1.3,1.9,5.3
Tim Frazier,NOP,47.0,17.0,19.3,1.9,4.1,0.7,0.9,2.9,4.4,0.5,0.1,1.3,2.0,5.0
Tim Frazier,MIL,12.0,2.0,17.6,2.3,5.5,0.8,1.1,2.6,3.5,0.4,0.1,1.3,1.6,6.3
Jimmer Fredette,PHO,6.0,0.0,10.8,1.3,4.8,1.0,1.0,1.2,1.3,0.5,0.0,0.8,0.8,3.7
Channing Frye,CLE,36.0,6.0,9.5,1.2,3.3,0.3,0.4,1.4,0.6,0.2,0.1,0.4,1.2,3.6
Markelle Fultz,PHI,19.0,15.0,22.5,3.4,8.2,1.1,1.9,3.7,3.1,0.9,0.3,1.3,2.7,8.2
Danilo Gallinari,LAC,68.0,68.0,30.3,6.0,13.0,5.4,6.0,6.1,2.6,0.7,0.3,1.5,1.9,19.8
Langston Galloway,DET,80.0,4.0,21.8,2.9,7.3,1.0,1.2,2.1,1.1,0.5,0.1,0.3,1.7,8.4
Billy Garrett,NYK,4.0,0.0,15.8,2.8,6.8,1.0,1.0,0.8,1.8,0.3,0.3,0.5,0.8,6.5
Marc Gasol,TOT,79.0,72.0,30.8,4.9,11.0,2.4,3.2,7.9,4.4,1.1,1.1,2.0,2.7,13.6
Marc Gasol,MEM,53.0,53.0,33.7,5.7,12.9,2.9,3.8,8.6,4.7,1.1,1.2,2.2,2.8,15.7
Marc Gasol,TOR,26.0,19.0,24.9,3.3,7.2,1.5,2.0,6.6,3.9,0.9,0.9,1.4,2.7,9.1
Pau Gasol,TOT,30.0,6.0,12.0,1.4,3.1,0.9,1.3,4.6,1.7,0.2,0.5,0.5,1.0,3.9
Pau Gasol,SAS,27.0,6.0,12.2,1.5,3.3,1.0,1.4,4.7,1.9,0.2,0.5,0.5,1.0,4.2
Pau Gasol,MIL,3.0,0.0,10.0,0.3,2.0,0.3,0.7,3.3,0.7,0.0,0.3,0.7,0.3,1.3
Rudy Gay,SAS,69.0,51.0,26.7,5.4,10.8,1.7,2.1,6.8,2.6,0.8,0.5,1.7,2.3,13.7
Paul George,OKC,77.0,77.0,36.9,9.2,21.0,5.9,7.0,8.2,4.1,2.2,0.4,2.7,2.8,28.0
Taj Gibson,MIN,70.0,57.0,24.1,4.3,7.7,1.9,2.5,6.5,1.2,0.8,0.6,1.0,2.7,10.8
Harry Giles,SAC,58.0,0.0,14.1,3.0,6.0,1.0,1.6,3.8,1.5,0.5,0.4,1.3,2.6,7.0
Shai Gilgeous-Alexander,LAC,82.0,73.0,26.5,4.2,8.7,1.9,2.4,2.8,3.3,1.2,0.5,1.7,2.1,10.8
Rudy Gobert,UTA,81.0,80.0,31.8,5.9,8.8,4.1,6.4,12.9,2.0,0.8,2.3,1.6,2.9,15.9
Brandon Goodwin,DEN,16.0,0.0,3.6,0.4,1.4,0.6,0.7,0.2,0.9,0.0,0.0,0.2,0.4,1.4
Aaron Gordon,ORL,78.0,78.0,33.8,6.0,13.4,2.4,3.2,7.4,3.7,0.7,0.7,2.1,2.2,16.0
Eric Gordon,HOU,68.0,53.0,31.7,5.6,13.8,1.8,2.2,2.2,1.9,0.6,0.4,1.3,2.1,16.2
Marcin Gortat,LAC,47.0,43.0,16.0,2.1,4.0,0.7,1.0,5.6,1.4,0.1,0.5,1.1,2.0,5.0
Devonte' Graham,CHO,46.0,3.0,14.7,1.6,4.7,0.8,1.0,1.4,2.6,0.5,0.0,0.7,1.0,4.7
Treveon Graham,BRK,35.0,21.0,20.4,1.8,5.5,0.5,0.6,3.1,1.0,0.4,0.2,0.5,1.9,5.3
Jerami Grant,OKC,80.0,77.0,32.7,5.1,10.3,2.0,2.8,5.2,1.0,0.8,1.3,0.8,2.7,13.6
Jerian Grant,ORL,60.0,1.0,15.7,1.5,3.7,0.4,0.7,1.6,2.6,0.7,0.1,0.9,1.3,4.2
Donte Grantham,OKC,3.0,0.0,0.7,0.0,0.7,0.0,0.0,0.0,0.0,0.0,0.0,0.0,0.0,0.0
Danny Green,TOR,80.0,80.0,27.7,3.7,7.9,0.5,0.6,4.0,1.6,0.9,0.7,0.9,2.1,10.3
Draymond Green,GSW,66.0,66.0,31.3,2.8,6.4,1.0,1.4,7.3,6.9,1.4,1.1,2.6,3.0,7.4
Gerald Green,HOU,73.0,0.0,20.2,3.2,7.9,0.8,0.9,2.5,0.5,0.5,0.4,0.8,1.7,9.2
JaMychal Green,TOT,65.0,6.0,21.1,3.5,7.3,1.2,1.6,6.3,0.8,0.7,0.5,1.3,3.0,9.4
JaMychal Green,MEM,41.0,4.0,22.0,3.7,7.6,1.5,2.0,6.1,0.9,0.8,0.6,1.6,3.0,9.8
JaMychal Green,LAC,24.0,2.0,19.6,3.3,6.8,0.7,0.9,6.5,0.6,0.5,0.3,1.0,2.9,8.7
Jeff Green,WAS,77.0,44.0,27.2,4.2,8.9,2.4,2.7,4.0,1.8,0.6,0.5,1.3,2.1,12.3
Blake Griffin,DET,75.0,75.0,35.0,8.3,17.9,5.5,7.3,7.5,5.4,0.7,0.4,3.4,2.7,24.5
Daniel Hamilton,ATL,19.0,3.0,10.7,1.2,3.2,0.2,0.3,2.5,1.2,0.3,0.1,0.8,1.0,3.0
Dusty Hannahs,MEM,2.0,0.0,13.0,1.5,6.0,1.0,1.0,0.5,2.5,0.5,0.0,0.5,0.5,4.0
Tim Hardaway,TOT,65.0,63.0,31.6,6.0,15.3,3.6,4.2,3.4,2.4,0.8,0.1,1.6,2.2,18.1
Tim Hardaway,NYK,46.0,46.0,32.6,6.1,15.8,4.3,5.1,3.5,2.7,0.9,0.1,1.8,2.3,19.1
Tim Hardaway,DAL,19.0,17.0,29.4,5.7,14.1,1.7,2.3,3.2,1.9,0.6,0.1,1.3,1.8,15.5
James Harden,HOU,78.0,78.0,36.8,10.8,24.5,9.7,11.0,6.6,7.5,2.0,0.7,5.0,3.1,36.1
Maurice Harkless,POR,60.0,53.0,23.6,3.2,6.5,0.8,1.2,4.5,1.2,1.1,0.9,0.8,2.7,7.7
Montrezl Harrell,LAC,82.0,5.0,26.3,6.7,10.8,3.2,5.0,6.5,2.0,0.9,1.3,1.6,3.1,16.6
Devin Harris,DAL,68.0,2.0,15.8,1.9,5.1,1.5,2.0,1.6,1.8,0.5,0.2,0.8,2.0,6.3
Gary Harris,DEN,57.0,48.0,28.8,4.7,11.2,2.0,2.5,2.8,2.2,1.0,0.3,1.2,2.0,12.9
Joe Harris,BRK,76.0,76.0,30.2,4.9,9.8,1.4,1.8,3.8,2.4,0.5,0.2,1.6,2.4,13.7
Tobias Harris,TOT,82.0,82.0,34.7,7.5,15.3,3.2,3.7,7.9,2.8,0.6,0.5,1.8,2.2,20.0
Tobias Harris,LAC,55.0,55.0,34.6,7.7,15.5,3.5,4.0,7.9,2.7,0.7,0.4,2.0,2.2,20.9
Tobias Harris,PHI,27.0,27.0,35.0,6.9,14.8,2.7,3.3,7.9,2.9,0.4,0.5,1.6,2.3,18.2
Andrew Harrison,TOT,17.0,0.0,11.0,0.9,3.1,1.0,1.1,1.2,1.4,0.2,0.1,0.7,2.0,3.2
Andrew Harrison,MEM,1.0,0.0,5.0,1.0,2.0,0.0,0.0,0.0,0.0,0.0,0.0,0.0,1.0,2.0
Andrew Harrison,CLE,10.0,0.0,14.4,1.2,3.9,1.6,1.6,1.5,1.7,0.4,0.2,1.0,2.6,4.3
Andrew Harrison,NOP,6.0,0.0,6.3,0.5,2.0,0.2,0.3,0.8,1.2,0.0,0.0,0.3,1.2,1.5
Shaquille Harrison,CHI,73.0,11.0,19.6,2.5,5.8,1.1,1.7,3.0,1.9,1.2,0.4,0.8,1.7,6.5
Josh Hart,LAL,67.0,22.0,25.6,2.8,6.9,0.8,1.2,3.7,1.4,1.0,0.6,0.9,2.2,7.8
Isaiah Hartenstein,HOU,28.0,0.0,7.9,0.7,1.5,0.4,0.5,1.7,0.5,0.3,0.4,0.5,2.0,1.9
Udonis Haslem,MIA,10.0,1.0,7.4,1.1,3.3,0.3,0.4,2.7,0.2,0.0,0.0,0.3,0.9,2.5
Gordon Hayward,BOS,72.0,18.0,25.9,4.1,8.8,2.2,2.6,4.5,3.4,0.9,0.3,1.5,1.4,11.5
John Henson,MIL,14.0,0.0,13.4,2.2,4.8,0.4,0.7,5.1,1.0,0.5,0.8,0.9,1.1,5.6
Juan Hernangómez,DEN,70.0,25.0,19.4,2.0,4.5,0.9,1.2,3.8,0.8,0.4,0.3,0.5,1.3,5.8
Willy Hernangómez,CHO,58.0,3.0,14.0,2.6,5.1,1.7,2.5,5.4,1.0,0.3,0.3,1.0,1.7,7.3
Mario Hezonja,NYK,58.0,24.0,20.8,3.3,8.0,1.5,2.0,4.1,1.5,1.0,0.1,1.5,1.9,8.8
Isaiah Hicks,NYK,3.0,0.0,10.7,1.3,2.7,1.3,1.7,2.3,0.7,0.3,1.0,0.3,1.7,4.0
Buddy Hield,SAC,82.0,82.0,31.9,7.6,16.6,2.1,2.4,5.0,2.5,0.7,0.4,1.8,2.5,20.7
Haywood Highsmith,PHI,5.0,0.0,8.0,0.8,2.0,0.0,0.4,1.0,0.4,0.2,0.0,0.2,0.2,1.8
Nenê Hilário,HOU,42.0,2.0,13.0,1.4,2.8,0.7,1.1,2.9,0.6,0.4,0.4,0.3,2.1,3.6
George Hill,TOT,60.0,13.0,21.7,2.8,6.3,1.2,1.4,2.5,2.3,0.9,0.1,0.9,1.7,7.6
George Hill,CLE,13.0,13.0,26.5,4.2,8.2,1.3,1.5,2.1,2.8,0.9,0.1,1.5,2.7,10.8
George Hill,MIL,47.0,0.0,20.4,2.4,5.7,1.1,1.4,2.6,2.1,0.9,0.1,0.7,1.4,6.8
Solomon Hill,NOP,44.0,15.0,20.0,1.5,4.0,0.5,0.7,3.0,1.3,0.5,0.2,0.7,1.8,4.3
Aaron Holiday,IND,50.0,0.0,12.9,2.1,5.2,0.8,1.0,1.3,1.7,0.4,0.3,0.8,1.4,5.9
Jrue Holiday,NOP,67.0,67.0,35.9,8.2,17.3,3.1,4.0,5.0,7.7,1.6,0.8,3.1,2.2,21.2
Justin Holiday,TOT,82.0,77.0,31.8,3.7,9.5,1.2,1.3,3.9,1.8,1.5,0.4,1.3,2.0,10.5
Justin Holiday,CHI,38.0,38.0,34.9,4.0,10.4,1.1,1.2,4.4,2.2,1.8,0.6,1.2,2.1,11.6
Justin Holiday,MEM,44.0,39.0,29.1,3.4,8.7,1.2,1.4,3.5,1.4,1.2,0.3,1.3,1.9,9.5
John Holland,CLE,1.0,0.0,1.0,0.0,0.0,0.0,0.0,0.0,0.0,0.0,0.0,0.0,0.0,0.0
Rondae Hollis-Jefferson,BRK,59.0,21.0,20.9,3.4,8.3,2.0,3.1,5.3,1.6,0.7,0.5,1.2,1.8,8.9
Richaun Holmes,PHO,70.0,4.0,16.9,3.2,5.2,1.8,2.5,4.7,0.9,0.6,1.1,0.7,2.8,8.2
Rodney Hood,TOT,72.0,49.0,26.3,4.1,9.3,1.9,2.2,2.2,1.8,0.8,0.2,0.8,2.0,11.2
Rodney Hood,CLE,45.0,45.0,27.4,4.3,10.1,2.3,2.5,2.5,2.0,0.8,0.1,0.8,2.2,12.2
Rodney Hood,POR,27.0,4.0,24.4,3.6,8.0,1.2,1.5,1.7,1.3,0.8,0.3,0.7,1.7,9.6
Al Horford,BOS,68.0,68.0,29.0,5.7,10.6,1.1,1.4,6.7,4.2,0.9,1.3,1.5,1.9,13.6
Danuel House,HOU,39.0,13.0,25.1,3.0,6.5,1.4,1.8,3.6,1.0,0.5,0.3,0.9,2.1,9.4
Dwight Howard,WAS,9.0,9.0,25.6,4.8,7.7,3.2,5.3,9.2,0.4,0.8,0.4,1.8,3.8,12.8
Kevin Huerter,ATL,75.0,59.0,27.3,3.7,8.8,0.5,0.7,3.3,2.9,0.9,0.3,1.5,2.1,9.7
Isaac Humphries,ATL,5.0,1.0,11.2,1.2,4.2,0.0,0.0,2.2,0.0,0.2,0.0,0.0,1.4,3.0
R.J. Hunter,BOS,1.0,0.0,26.0,6.0,13.0,1.0,2.0,3.0,3.0,1.0,0.0,0.0,3.0,17.0
Chandler Hutchison,CHI,44.0,14.0,20.3,2.2,4.8,0.5,0.9,4.2,0.8,0.5,0.1,0.6,1.3,5.2
Serge Ibaka,TOR,74.0,51.0,27.2,6.3,11.9,1.8,2.4,8.1,1.3,0.4,1.4,1.5,2.9,15.0
Andre Iguodala,GSW,68.0,13.0,23.2,2.2,4.4,0.6,1.0,3.7,3.2,0.9,0.8,0.8,1.4,5.7
Ersan İlyasova,MIL,67.0,7.0,18.4,2.5,5.7,0.9,1.1,4.5,0.8,0.5,0.3,0.7,2.6,6.8
Joe Ingles,UTA,82.0,82.0,31.3,4.4,9.8,1.1,1.5,4.0,5.7,1.2,0.2,2.4,2.2,12.1
Andre Ingram,LAL,4.0,0.0,3.8,0.0,1.5,0.0,0.0,0.5,0.0,0.3,0.0,0.3,0.0,0.0
Brandon Ingram,LAL,52.0,52.0,33.8,7.0,14.0,3.8,5.6,5.1,3.0,0.5,0.6,2.5,2.9,18.3
Kyrie Irving,BOS,67.0,67.0,33.0,9.0,18.5,3.2,3.7,5.0,6.9,1.5,0.5,2.6,2.5,23.8
Jonathan Isaac,ORL,75.0,64.0,26.6,3.5,8.1,1.5,1.8,5.5,1.1,0.8,1.3,1.0,1.9,9.6
Wesley Iwundu,ORL,68.0,13.0,18.1,1.7,4.0,1.2,1.5,2.7,1.1,0.4,0.3,0.6,1.8,5.0
Demetrius Jackson,PHI,6.0,0.0,6.5,1.3,2.5,0.7,0.7,0.5,0.8,0.3,0.0,0.2,0.7,3.7
Frank Jackson,NOP,61.0,16.0,19.2,3.2,7.3,0.9,1.2,2.2,1.1,0.4,0.0,0.8,1.5,8.1
Jaren Jackson,MEM,58.0,56.0,26.1,5.1,10.2,2.6,3.4,4.7,1.1,0.9,1.4,1.7,3.8,13.8
Josh Jackson,PHO,79.0,29.0,25.2,4.4,10.6,1.8,2.7,4.4,2.3,0.9,0.7,2.2,2.6,11.5
Justin Jackson,TOT,81.0,14.0,19.9,2.7,6.0,0.8,1.0,2.6,1.2,0.4,0.2,0.4,1.2,7.2
Justin Jackson,SAC,52.0,3.0,20.8,2.4,5.7,0.8,1.0,2.8,1.3,0.4,0.3,0.4,1.3,6.7
Justin Jackson,DAL,29.0,11.0,18.3,3.2,6.6,0.7,1.0,2.3,1.0,0.3,0.0,0.2,1.1,8.2
Reggie Jackson,DET,82.0,82.0,27.9,5.4,12.8,2.5,2.9,2.6,4.2,0.7,0.1,1.8,2.5,15.4
LeBron James,LAL,55.0,55.0,35.2,10.1,19.9,5.1,7.6,8.5,8.3,1.3,0.6,3.6,1.7,27.4
Amile Jefferson,ORL,12.0,0.0,5.7,0.8,1.3,0.6,0.7,1.8,0.3,0.3,0.3,0.1,0.7,2.3
John Jenkins,TOT,26.0,0.0,12.8,1.6,4.0,0.6,0.7,1.4,0.8,0.0,0.1,0.3,0.4,4.7
John Jenkins,WAS,4.0,0.0,3.5,0.5,0.5,0.0,0.0,0.3,0.3,0.0,0.0,0.0,0.0,1.5
John Jenkins,NYK,22.0,0.0,14.5,1.8,4.7,0.7,0.8,1.6,1.0,0.0,0.1,0.4,0.5,5.2
Jonas Jerebko,GSW,73.0,6.0,16.7,2.2,4.9,0.9,1.1,3.9,1.3,0.4,0.2,0.6,1.9,6.3
Alize Johnson,IND,14.0,0.0,4.6,0.3,1.1,0.3,0.6,1.4,0.1,0.1,0.2,0.0,0.5,0.9
Amir Johnson,PHI,51.0,6.0,10.4,1.5,3.1,0.6,0.8,2.9,1.2,0.3,0.3,0.9,1.9,3.9
B.J. Johnson,TOT,7.0,0.0,7.0,1.3,2.6,0.3,0.3,1.1,0.0,0.3,0.0,0.3,0.6,3.3
B.J. Johnson,ATL,6.0,0.0,7.2,1.3,2.7,0.3,0.3,1.3,0.0,0.3,0.0,0.3,0.5,3.5
B.J. Johnson,SAC,1.0,0.0,6.0,1.0,2.0,0.0,0.0,0.0,0.0,0.0,0.0,0.0,1.0,2.0
James Johnson,MIA,55.0,33.0,21.2,3.0,6.9,0.9,1.3,3.2,2.5,0.6,0.5,1.3,2.1,7.8
Stanley Johnson,TOT,66.0,7.0,18.3,2.6,6.7,0.8,1.0,3.3,1.3,0.9,0.2,1.2,1.7,6.9
Stanley Johnson,DET,48.0,7.0,20.0,2.8,7.3,0.9,1.1,3.6,1.3,1.0,0.3,1.1,1.9,7.5
Stanley Johnson,NOP,18.0,0.0,13.7,2.1,5.1,0.5,0.7,2.3,1.6,0.7,0.1,1.4,1.2,5.3
Tyler Johnson,TOT,57.0,22.0,26.8,3.8,9.2,1.7,2.2,3.0,2.9,0.9,0.5,1.4,1.7,10.9
Tyler Johnson,MIA,44.0,10.0,25.5,3.9,9.1,1.4,2.0,2.8,2.5,0.9,0.5,1.4,1.6,10.8
Tyler Johnson,PHO,13.0,12.0,31.2,3.5,9.6,2.6,3.0,4.0,4.2,1.1,0.5,1.1,1.9,11.1
Wesley Johnson,TOT,38.0,13.0,14.1,1.2,3.4,0.3,0.5,1.9,0.6,0.4,0.3,0.5,1.7,3.4
Wesley Johnson,NOP,26.0,13.0,14.5,1.3,3.4,0.2,0.3,2.1,0.6,0.5,0.3,0.5,1.7,3.7
Wesley Johnson,WAS,12.0,0.0,13.1,0.8,3.3,0.6,0.8,1.5,0.6,0.2,0.4,0.5,1.5,2.8
Nikola Jokić,DEN,80.0,80.0,31.3,7.7,15.1,3.6,4.4,10.8,7.3,1.4,0.7,3.1,2.9,20.1
Damian Jones,GSW,24.0,22.0,17.1,2.2,3.1,1.0,1.5,3.1,1.2,0.5,1.0,0.7,2.6,5.4
Derrick Jones,MIA,60.0,14.0,19.2,2.7,5.4,1.2,2.0,4.0,0.6,0.8,0.7,0.7,2.1,7.0
Jalen Jones,CLE,16.0,0.0,13.4,1.6,3.9,1.2,1.7,2.1,0.4,0.6,0.1,0.5,1.7,5.1
Jemerrio Jones,LAL,6.0,2.0,23.8,2.0,5.5,0.2,0.3,8.2,2.2,1.2,0.8,0.8,1.7,4.5
Terrence Jones,HOU,2.0,0.0,2.5,0.5,2.0,0.0,0.5,2.0,0.0,0.0,0.0,0.5,0.5,1.0
Tyus Jones,MIN,68.0,23.0,22.9,2.7,6.6,0.9,1.0,2.0,4.8,1.2,0.1,0.7,1.1,6.9
DeAndre Jordan,TOT,69.0,69.0,29.7,4.1,6.5,2.7,3.8,13.1,2.3,0.6,1.1,2.2,2.4,11.0
DeAndre Jordan,DAL,50.0,50.0,31.1,4.2,6.5,2.7,4.0,13.7,2.0,0.7,1.1,2.2,2.5,11.0
DeAndre Jordan,NYK,19.0,19.0,25.9,4.1,6.5,2.7,3.5,11.4,3.0,0.5,1.1,2.2,2.2,10.9
Cory Joseph,IND,82.0,9.0,25.2,2.8,6.7,0.4,0.5,3.4,3.9,1.1,0.3,1.0,1.6,6.5
Frank Kaminsky,CHO,47.0,0.0,16.1,2.9,6.3,1.7,2.3,3.5,1.3,0.3,0.3,0.9,1.4,8.6
Enes Kanter,TOT,67.0,31.0,24.5,5.6,10.2,2.3,2.9,9.8,1.7,0.5,0.4,1.8,2.5,13.7
Enes Kanter,NYK,44.0,23.0,25.6,5.7,10.6,2.4,2.9,10.5,1.9,0.4,0.4,1.8,2.4,14.0
Enes Kanter,POR,23.0,8.0,22.3,5.4,9.3,2.2,3.0,8.6,1.4,0.6,0.4,1.7,2.7,13.1
Luke Kennard,DET,63.0,10.0,22.8,3.6,8.3,0.8,1.0,2.9,1.8,0.4,0.2,0.9,1.5,9.7
Michael Kidd-Gilchrist,CHO,64.0,3.0,18.4,2.5,5.2,1.5,1.9,3.8,1.0,0.5,0.6,0.7,2.4,6.7
George King,PHO,1.0,0.0,6.0,0.0,0.0,0.0,0.0,1.0,0.0,0.0,0.0,0.0,0.0,0.0
Maxi Kleber,DAL,71.0,18.0,21.2,2.5,5.4,0.8,1.0,4.6,1.0,0.5,1.1,0.8,2.0,6.8
Brandon Knight,TOT,39.0,26.0,18.9,2.5,6.7,0.7,0.9,1.5,1.8,0.5,0.1,0.8,1.6,6.8
Brandon Knight,HOU,12.0,0.0,9.8,0.9,3.9,0.8,0.9,0.8,0.8,0.2,0.0,0.4,1.2,3.0
Brandon Knight,CLE,27.0,26.0,22.9,3.3,7.9,0.7,0.9,1.9,2.3,0.7,0.1,0.9,1.8,8.5
Kevin Knox,NYK,75.0,57.0,28.8,4.5,12.2,2.2,3.0,4.5,1.1,0.6,0.3,1.5,2.3,12.8
Furkan Korkmaz,PHI,48.0,7.0,14.1,2.0,5.1,0.8,0.9,2.2,1.1,0.6,0.0,0.5,1.3,5.8
Luke Kornet,NYK,46.0,18.0,17.0,2.3,6.2,0.8,1.0,2.9,1.2,0.6,0.9,0.5,0.9,7.0
Kyle Korver,TOT,70.0,0.0,19.1,2.9,6.9,0.9,1.0,2.3,1.2,0.4,0.2,0.8,1.5,8.6
Kyle Korver,CLE,16.0,0.0,15.7,2.2,4.8,0.8,1.0,1.8,1.1,0.2,0.1,1.1,1.4,6.8
Kyle Korver,UTA,54.0,0.0,20.1,3.1,7.5,0.9,1.1,2.5,1.2,0.4,0.2,0.8,1.6,9.1
Kosta Koufos,SAC,42.0,1.0,12.0,1.7,3.6,0.2,0.6,4.2,0.9,0.4,0.4,0.6,1.6,3.7
Rodions Kurucs,BRK,63.0,46.0,20.5,3.2,7.1,1.1,1.5,3.9,0.8,0.7,0.4,1.2,2.3,8.5
Kyle Kuzma,LAL,70.0,68.0,33.1,7.1,15.5,2.7,3.6,5.5,2.5,0.6,0.4,1.9,2.4,18.7
Skal Labissière,TOT,22.0,1.0,8.0,1.2,2.2,0.4,0.8,2.0,0.5,0.2,0.3,0.5,1.3,3.0
Skal Labissière,SAC,13.0,0.0,8.7,1.0,2.3,0.5,0.8,1.8,0.5,0.2,0.2,0.5,1.6,2.8
Skal Labissière,POR,9.0,1.0,7.0,1.4,2.1,0.3,0.7,2.1,0.6,0.3,0.3,0.4,0.9,3.4
Jeremy Lamb,CHO,79.0,55.0,28.5,5.5,12.4,2.9,3.3,5.5,2.2,1.1,0.4,1.0,1.8,15.3
Zach LaVine,CHI,63.0,62.0,34.5,8.4,18.0,5.0,6.0,4.7,4.5,1.0,0.4,3.4,2.2,23.7
Jake Layman,POR,71.0,33.0,18.7,3.0,6.0,0.7,1.0,3.1,0.7,0.4,0.4,0.6,1.6,7.6
T.J. Leaf,IND,58.0,1.0,9.0,1.7,3.2,0.3,0.5,2.2,0.4,0.2,0.3,0.2,0.6,3.9
Courtney Lee,TOT,34.0,6.0,12.6,1.6,3.8,0.4,0.6,1.6,1.1,0.6,0.1,0.4,0.9,4.0
Courtney Lee,NYK,12.0,2.0,13.3,1.8,3.9,0.8,1.2,2.3,1.3,0.7,0.2,0.4,1.1,4.7
Courtney Lee,DAL,22.0,4.0,12.2,1.5,3.7,0.2,0.3,1.2,1.0,0.6,0.0,0.4,0.9,3.6
Damion Lee,GSW,32.0,0.0,11.7,1.8,4.0,0.6,0.7,2.0,0.4,0.4,0.0,0.3,0.9,4.9
Walt Lemon,CHI,6.0,3.0,27.8,6.3,14.5,1.3,1.8,4.5,5.0,1.8,0.2,1.7,2.3,14.3
Alex Len,ATL,77.0,31.0,20.1,4.2,8.4,1.8,2.8,5.5,1.1,0.4,0.9,1.3,2.6,11.1
Kawhi Leonard,TOR,60.0,60.0,34.0,9.3,18.8,6.1,7.1,7.3,3.3,1.8,0.4,2.0,1.5,26.6
Meyers Leonard,POR,61.0,2.0,14.4,2.2,4.0,0.7,0.8,3.8,1.2,0.2,0.1,0.7,1.7,5.9
Jon Leuer,DET,41.0,1.0,9.8,1.6,2.8,0.6,0.8,2.4,0.3,0.3,0.1,0.6,1.5,3.8
Caris LeVert,BRK,40.0,25.0,26.6,5.2,12.1,2.1,3.1,3.8,3.9,1.1,0.4,1.7,1.9,13.7
Damian Lillard,POR,80.0,80.0,35.5,8.5,19.2,5.9,6.4,4.6,6.9,1.1,0.4,2.7,1.9,25.8
Jeremy Lin,TOT,74.0,4.0,19.4,3.2,7.3,2.4,2.8,2.4,3.1,0.6,0.2,1.7,1.9,9.6
Jeremy Lin,ATL,51.0,1.0,19.7,3.5,7.6,2.8,3.3,2.3,3.5,0.7,0.1,1.9,1.9,10.7
Jeremy Lin,TOR,23.0,3.0,18.8,2.5,6.7,1.5,1.8,2.6,2.2,0.4,0.3,1.1,2.1,7.0
Shaun Livingston,GSW,64.0,0.0,15.1,1.7,3.3,0.6,0.8,1.8,1.8,0.5,0.4,0.6,1.2,4.0
Zach Lofton,DET,1.0,0.0,4.0,0.0,1.0,0.0,0.0,0.0,0.0,1.0,0.0,1.0,0.0,0.0
Kevon Looney,GSW,80.0,24.0,18.5,2.7,4.3,0.8,1.3,5.2,1.5,0.6,0.7,0.6,2.6,6.3
Brook Lopez,MIL,81.0,81.0,28.7,4.4,9.7,1.4,1.6,4.9,1.2,0.6,2.2,1.0,2.3,12.5
Robin Lopez,CHI,74.0,36.0,21.7,4.1,7.2,1.2,1.7,3.9,1.2,0.1,1.1,1.3,1.7,9.5
Kevin Love,CLE,22.0,21.0,27.2,5.0,12.9,4.7,5.2,10.9,2.2,0.3,0.2,1.9,2.5,17.0
Kyle Lowry,TOR,65.0,65.0,34.0,4.7,11.4,2.5,3.0,4.8,8.7,1.4,0.5,2.8,2.6,14.2
Jordan Loyd,TOR,12.0,0.0,4.6,0.7,1.5,0.8,0.9,0.8,0.5,0.0,0.0,0.2,0.4,2.4
Kalin Lucas,DET,1.0,0.0,6.0,0.0,1.0,2.0,2.0,3.0,1.0,0.0,0.0,0.0,1.0,2.0
Timothé Luwawu-Cabarrot,TOT,50.0,7.0,13.4,1.6,4.4,0.6,0.8,1.9,0.5,0.4,0.2,0.4,1.5,4.6
Timothé Luwawu-Cabarrot,OKC,21.0,1.0,5.9,0.6,2.0,0.2,0.3,0.9,0.2,0.2,0.0,0.2,0.7,1.7
Timothé Luwawu-Cabarrot,CHI,29.0,6.0,18.8,2.4,6.0,0.9,1.2,2.7,0.8,0.5,0.2,0.6,2.0,6.8
Tyler Lydon,DEN,25.0,0.0,3.8,0.4,0.7,0.0,0.1,0.7,0.2,0.1,0.0,0.2,0.4,0.9
Trey Lyles,DEN,64.0,2.0,17.5,3.2,7.7,1.3,1.8,3.8,1.4,0.5,0.4,1.1,1.5,8.5
Scott Machado,LAL,4.0,0.0,4.8,1.0,1.5,0.3,0.3,0.0,0.8,0.3,0.0,0.0,0.5,2.5
Shelvin Mack,TOT,57.0,3.0,21.9,2.9,7.1,1.0,1.5,1.8,3.2,0.8,0.1,1.2,1.5,7.5
Shelvin Mack,MEM,53.0,3.0,22.7,3.0,7.3,1.0,1.4,1.9,3.4,0.8,0.1,1.2,1.5,7.9
Shelvin Mack,CHO,4.0,0.0,10.5,0.5,3.5,1.3,2.3,0.5,0.3,0.5,0.0,1.0,0.8,2.3
Daryl Macon,DAL,8.0,0.0,11.3,1.3,3.4,0.5,0.9,1.5,0.9,0.1,0.0,0.8,1.0,3.6
J.P. Macura,CHO,2.0,0.0,8.5,1.5,4.5,0.0,0.0,1.5,1.0,0.0,0.0,0.0,0.0,3.0
Ian Mahinmi,WAS,34.0,6.0,14.6,1.4,3.1,1.2,1.8,3.8,0.7,0.7,0.5,0.6,2.5,4.1
Thon Maker,TOT,64.0,5.0,15.2,1.7,4.2,0.9,1.3,3.2,0.7,0.3,0.8,0.5,1.6,5.0
Thon Maker,MIL,35.0,0.0,11.7,1.7,3.8,0.6,1.1,2.7,0.5,0.3,0.5,0.3,1.6,4.7
Thon Maker,DET,29.0,5.0,19.4,1.7,4.6,1.2,1.6,3.7,0.9,0.4,1.1,0.8,1.7,5.5
Boban Marjanović,TOT,58.0,12.0,11.7,2.8,4.5,1.7,2.3,4.6,0.9,0.3,0.5,1.0,1.6,7.3
Boban Marjanović,LAC,36.0,9.0,10.4,2.4,3.9,2.0,2.6,4.2,0.6,0.3,0.5,1.0,1.6,6.7
Boban Marjanović,PHI,22.0,3.0,13.9,3.4,5.5,1.2,1.6,5.1,1.5,0.2,0.5,1.0,1.5,8.2
Lauri Markkanen,CHI,52.0,51.0,32.3,6.6,15.3,3.3,3.8,9.0,1.4,0.7,0.6,1.6,2.3,18.7
Jarell Martin,ORL,42.0,1.0,7.8,1.0,2.5,0.2,0.3,1.7,0.4,0.1,0.2,0.3,1.2,2.7
Frank Mason,SAC,38.0,0.0,11.4,1.9,4.4,1.0,1.5,1.1,2.2,0.4,0.1,0.9,0.9,5.1
Yante Maten,MIA,2.0,0.0,6.5,0.5,2.0,0.0,0.0,1.5,0.0,0.5,0.0,0.0,0.0,1.0
Wesley Matthews,TOT,69.0,68.0,30.3,4.0,10.1,1.9,2.4,2.5,2.3,0.8,0.2,1.3,2.3,12.2
Wesley Matthews,DAL,44.0,44.0,29.8,4.4,10.7,2.0,2.5,2.3,2.3,0.8,0.3,1.3,2.3,13.1
Wesley Matthews,NYK,2.0,1.0,27.0,2.0,9.5,2.0,2.5,1.5,2.5,0.5,0.5,1.0,1.0,7.0
Wesley Matthews,IND,23.0,23.0,31.5,3.5,9.1,1.8,2.1,2.8,2.4,0.9,0.2,1.3,2.4,10.9
Luc Mbah a Moute,LAC,4.0,0.0,15.3,2.0,4.5,0.5,1.3,1.8,0.5,0.3,0.3,0.5,2.0,5.0
Tahjere McCall,BRK,1.0,0.0,8.0,2.0,3.0,0.0,1.0,1.0,0.0,0.0,0.0,0.0,2.0,4.0
Patrick McCaw,TOT,29.0,1.0,13.7,0.9,2.2,0.4,0.5,1.7,1.0,0.8,0.1,0.6,1.3,2.6
Patrick McCaw,CLE,3.0,0.0,17.7,0.7,3.0,0.0,0.0,1.0,0.7,0.7,0.0,1.0,0.3,1.7
Patrick McCaw,TOR,26.0,1.0,13.2,0.9,2.1,0.5,0.6,1.7,1.0,0.8,0.1,0.5,1.4,2.7
CJ McCollum,POR,70.0,70.0,33.9,8.2,17.8,2.3,2.7,4.0,3.0,0.8,0.4,1.5,2.5,21.0
T.J. McConnell,PHI,76.0,3.0,19.3,2.9,5.5,0.4,0.5,2.3,3.4,1.0,0.2,1.2,1.4,6.4
Doug McDermott,IND,77.0,1.0,17.4,2.7,5.5,0.9,1.0,1.4,0.9,0.2,0.1,0.5,1.4,7.3
JaVale McGee,LAL,75.0,62.0,22.3,5.3,8.5,1.3,2.0,7.5,0.7,0.6,2.0,1.4,2.8,12.0
Rodney McGruder,MIA,66.0,45.0,23.5,2.8,7.0,0.8,1.1,3.6,1.7,0.5,0.2,1.0,1.7,7.6
Alfonzo McKinnie,GSW,72.0,5.0,13.9,1.9,3.8,0.4,0.7,3.4,0.4,0.3,0.2,0.4,1.9,4.7
Ben McLemore,SAC,19.0,0.0,8.3,1.3,3.4,0.4,0.6,0.9,0.2,0.3,0.2,0.3,1.2,3.9
Jordan McRae,WAS,27.0,0.0,12.3,2.3,4.8,1.0,1.3,1.5,1.1,0.5,0.3,0.6,1.0,5.9
Jodie Meeks,TOR,8.0,0.0,13.0,2.6,4.9,0.1,0.1,1.5,1.0,0.1,0.1,0.3,0.6,6.4
Salah Mejri,DAL,36.0,4.0,11.1,1.5,3.1,0.6,0.9,3.6,1.0,0.3,0.7,0.6,1.5,3.9
De'Anthony Melton,PHO,50.0,31.0,19.7,2.0,5.1,0.4,0.6,2.7,3.2,1.4,0.5,1.5,2.3,5.0
Chimezie Metu,SAS,29.0,0.0,5.0,0.7,2.0,0.4,0.6,1.2,0.4,0.2,0.1,0.5,0.5,1.8
Khris Middleton,MIL,77.0,77.0,31.1,6.6,14.9,2.8,3.4,6.0,4.3,1.0,0.1,2.3,2.2,18.3
C.J. Miles,TOT,53.0,1.0,16.2,2.1,5.9,0.9,1.1,1.8,0.7,0.5,0.3,0.6,1.5,6.4
C.J. Miles,TOR,40.0,1.0,14.1,1.8,5.2,0.9,1.1,1.7,0.6,0.5,0.3,0.5,1.6,5.5
C.J. Miles,MEM,13.0,0.0,22.6,3.2,8.1,1.0,1.1,2.1,1.1,0.6,0.4,0.7,1.3,9.3
Darius Miller,NOP,69.0,15.0,25.5,2.7,7.0,0.8,1.0,1.9,2.1,0.6,0.3,0.9,2.4,8.2
Malcolm Miller,TOR,10.0,0.0,6.7,1.1,2.6,0.3,0.4,0.5,0.1,0.1,0.1,0.1,0.5,3.5
Patty Mills,SAS,82.0,1.0,23.3,3.4,8.1,1.1,1.3,2.2,3.0,0.6,0.1,1.1,1.6,9.9
Paul Millsap,DEN,70.0,65.0,27.1,4.6,9.5,2.6,3.6,7.2,2.0,1.2,0.8,1.4,2.6,12.6
Shake Milton,PHI,20.0,0.0,13.4,1.7,4.4,0.3,0.4,1.8,0.9,0.4,0.4,0.3,1.5,4.4
Nikola Mirotić,TOT,46.0,25.0,27.1,5.2,11.8,2.3,2.7,7.4,1.2,0.7,0.7,1.0,2.3,15.2
Nikola Mirotić,NOP,32.0,22.0,28.9,5.7,12.7,2.7,3.2,8.3,1.1,0.7,0.8,1.2,2.7,16.7
Nikola Mirotić,MIL,14.0,3.0,22.9,4.0,9.6,1.4,1.6,5.4,1.4,0.7,0.6,0.8,1.5,11.6
Donovan Mitchell,UTA,77.0,77.0,33.7,8.6,19.9,4.1,5.1,4.1,4.2,1.4,0.4,2.8,2.7,23.8
Naz Mitrou-Long,UTA,14.0,0.0,6.0,0.4,1.4,0.1,0.1,0.4,1.1,0.1,0.1,0.6,0.7,1.1
Malik Monk,CHO,73.0,0.0,17.2,3.1,8.0,1.2,1.4,1.9,1.6,0.5,0.3,1.2,1.5,8.9
Greg Monroe,TOT,43.0,2.0,11.2,2.1,4.4,1.0,1.7,4.0,0.6,0.3,0.2,0.7,1.5,5.3
Greg Monroe,TOR,38.0,2.0,11.1,1.9,4.2,0.9,1.6,4.1,0.4,0.3,0.2,0.8,1.6,4.8
Greg Monroe,BOS,2.0,0.0,2.5,1.5,2.5,0.0,0.0,1.5,0.5,0.0,0.0,0.0,0.0,3.0
Greg Monroe,PHI,3.0,0.0,17.3,5.0,7.7,3.3,3.7,4.3,2.3,0.3,0.0,0.3,1.7,13.7
E'Twaun Moore,NOP,53.0,36.0,27.6,4.8,10.0,0.8,1.1,2.4,1.9,0.8,0.2,1.1,2.1,11.9
Eric Moreland,TOT,5.0,0.0,8.6,0.6,1.4,0.0,0.0,4.0,0.8,0.2,0.2,1.0,1.8,1.4
Eric Moreland,PHO,1.0,0.0,5.0,0.0,0.0,0.0,0.0,3.0,0.0,0.0,0.0,0.0,1.0,0.0
Eric Moreland,TOR,4.0,0.0,9.5,0.8,1.8,0.0,0.0,4.3,1.0,0.3,0.3,1.3,2.0,1.8
Jaylen Morris,MIL,4.0,0.0,7.3,1.0,2.5,0.3,0.5,1.3,1.0,0.5,0.0,0.3,0.3,2.5
Marcus Morris,BOS,75.0,53.0,27.9,5.0,11.3,1.9,2.3,6.1,1.5,0.6,0.3,1.2,2.4,13.9
Markieff Morris,TOT,58.0,16.0,21.9,3.5,8.3,1.2,1.6,4.6,1.4,0.6,0.4,0.9,3.0,9.4
Markieff Morris,WAS,34.0,15.0,26.0,4.2,9.6,1.7,2.1,5.1,1.8,0.7,0.6,1.4,3.4,11.5
Markieff Morris,OKC,24.0,1.0,16.1,2.5,6.5,0.6,0.8,3.8,0.8,0.5,0.1,0.3,2.4,6.5
Monte Morris,DEN,82.0,6.0,24.0,4.2,8.6,0.8,1.0,2.4,3.6,0.9,0.0,0.6,1.2,10.4
Donatas Motiejūnas,SAS,3.0,0.0,4.3,1.0,2.0,0.0,0.7,1.0,0.3,0.0,0.3,1.0,2.0,2.0
Johnathan Motley,LAC,22.0,0.0,7.1,1.8,3.3,1.1,1.8,2.3,0.5,0.2,0.1,0.7,1.2,4.6
Emmanuel Mudiay,NYK,59.0,42.0,27.2,5.6,12.5,2.4,3.2,3.3,3.9,0.7,0.3,2.4,1.7,14.8
Jamal Murray,DEN,75.0,74.0,32.6,6.8,15.6,2.5,3.0,4.2,4.8,0.9,0.4,2.1,2.0,18.2
Džanan Musa,BRK,9.0,0.0,4.3,1.0,2.4,0.0,0.2,0.6,0.2,0.2,0.0,0.4,0.1,2.1
Mike Muscala,TOT,64.0,10.0,20.4,2.3,5.6,1.1,1.3,3.8,1.2,0.3,0.6,0.8,2.0,7.0
Mike Muscala,PHI,47.0,6.0,22.1,2.3,5.9,1.3,1.6,4.3,1.3,0.4,0.6,0.9,2.4,7.4
Mike Muscala,LAL,17.0,4.0,15.6,2.1,4.9,0.4,0.5,2.6,0.8,0.2,0.6,0.3,1.1,5.9
Sviatoslav Mykhailiuk,TOT,42.0,0.0,10.5,1.1,3.3,0.3,0.5,0.9,0.9,0.3,0.0,0.5,0.6,3.2
Sviatoslav Mykhailiuk,LAL,39.0,0.0,10.8,1.1,3.4,0.3,0.5,0.9,0.8,0.3,0.0,0.5,0.6,3.3
Sviatoslav Mykhailiuk,DET,3.0,0.0,6.7,0.7,2.7,0.0,0.0,0.7,1.3,0.3,0.0,0.3,0.0,2.0
Abdel Nader,OKC,61.0,1.0,11.4,1.5,3.5,0.4,0.6,1.9,0.3,0.3,0.2,0.4,1.1,4.0
Larry Nance,CLE,67.0,30.0,26.8,3.7,7.1,1.4,2.0,8.2,3.2,1.5,0.6,1.4,2.9,9.4
Shabazz Napier,BRK,56.0,2.0,17.6,3.0,7.8,2.1,2.5,1.8,2.6,0.7,0.3,1.2,1.2,9.4
Raul Neto,UTA,37.0,1.0,12.8,2.0,4.4,0.8,0.9,1.7,2.5,0.4,0.1,0.9,1.3,5.3
Georges Niang,UTA,59.0,0.0,8.7,1.5,3.1,0.3,0.4,1.5,0.6,0.2,0.1,0.4,1.0,4.0
Joakim Noah,MEM,42.0,1.0,16.5,2.6,5.1,1.9,2.6,5.7,2.1,0.5,0.7,1.2,2.3,7.1
Nerlens Noel,OKC,77.0,2.0,13.7,2.1,3.6,0.7,1.0,4.2,0.6,0.9,1.2,0.6,2.2,4.9
Dirk Nowitzki,DAL,51.0,20.0,15.6,2.6,7.4,0.8,1.0,3.1,0.7,0.2,0.4,0.4,1.5,7.3
Frank Ntilikina,NYK,43.0,16.0,21.0,2.2,6.6,0.5,0.7,2.0,2.8,0.7,0.3,1.3,2.4,5.7
James Nunnally,TOT,15.0,0.0,6.8,0.8,2.3,0.3,0.3,0.3,0.5,0.1,0.0,0.1,0.7,2.4
James Nunnally,MIN,13.0,0.0,4.9,0.7,1.6,0.3,0.3,0.3,0.4,0.1,0.0,0.1,0.3,2.1
James Nunnally,HOU,2.0,0.0,19.0,1.5,6.5,0.0,0.0,0.5,1.0,0.0,0.0,0.0,3.0,4.5
Jusuf Nurkić,POR,72.0,72.0,27.4,5.8,11.5,3.9,5.1,10.4,3.2,1.0,1.4,2.3,3.5,15.6
David Nwaba,CLE,51.0,14.0,19.3,2.5,5.1,1.1,1.7,3.2,1.1,0.7,0.3,0.6,2.1,6.5
Royce O'Neale,UTA,82.0,16.0,20.4,2.0,4.2,0.4,0.5,3.5,1.5,0.7,0.3,0.9,2.1,5.2
Kyle O'Quinn,IND,45.0,3.0,8.2,1.5,3.0,0.4,0.5,2.6,1.2,0.2,0.6,0.7,1.5,3.5
Semi Ojeleye,BOS,56.0,3.0,10.6,1.2,2.8,0.4,0.7,1.5,0.4,0.2,0.1,0.3,0.8,3.3
Jahlil Okafor,NOP,59.0,24.0,15.8,3.6,6.1,1.0,1.5,4.7,0.7,0.3,0.7,0.9,1.6,8.2
Elie Okobo,PHO,53.0,16.0,18.1,2.2,5.5,0.7,0.9,1.8,2.4,0.6,0.1,1.3,2.1,5.7
Josh Okogie,MIN,74.0,52.0,23.7,2.6,6.9,1.6,2.2,2.9,1.2,1.2,0.4,0.9,2.2,7.7
Victor Oladipo,IND,36.0,36.0,31.9,6.9,16.3,2.9,3.9,5.6,5.2,1.7,0.3,2.3,2.0,18.8
Kelly Olynyk,MIA,79.0,36.0,22.9,3.3,7.1,1.9,2.3,4.7,1.8,0.7,0.5,1.4,2.3,10.0
Cedi Osman,CLE,76.0,75.0,32.2,4.7,11.1,1.9,2.4,4.7,2.6,0.8,0.1,1.5,2.6,13.0
Kelly Oubre,TOT,69.0,19.0,28.0,5.4,12.2,2.7,3.5,4.7,1.2,1.2,0.9,1.5,2.6,15.2
Kelly Oubre,WAS,29.0,7.0,26.0,4.6,10.5,2.3,2.9,4.4,0.7,0.9,0.7,1.0,2.4,12.9
Kelly Oubre,PHO,40.0,12.0,29.5,6.1,13.4,3.0,4.0,4.9,1.6,1.4,1.0,1.8,2.8,16.9
Zaza Pachulia,DET,68.0,3.0,12.9,1.3,2.8,1.4,1.8,3.9,1.3,0.5,0.3,0.8,2.2,3.9
Jabari Parker,TOT,64.0,17.0,26.9,5.8,11.7,2.0,2.9,6.6,2.4,0.7,0.5,2.4,2.3,14.5
Jabari Parker,CHI,39.0,17.0,26.7,5.6,11.9,2.0,2.8,6.2,2.2,0.6,0.4,2.2,2.2,14.3
Jabari Parker,WAS,25.0,0.0,27.3,6.0,11.4,2.1,3.0,7.2,2.7,0.9,0.6,2.7,2.3,15.0
Tony Parker,CHO,56.0,0.0,17.9,3.8,8.3,1.6,2.2,1.5,3.7,0.4,0.1,1.3,0.9,9.5
Chandler Parsons,MEM,25.0,3.0,19.8,2.7,7.3,0.9,1.0,2.8,1.7,0.8,0.2,1.3,1.8,7.5
Patrick Patterson,OKC,63.0,5.0,13.7,1.3,3.5,0.3,0.5,2.3,0.5,0.3,0.2,0.3,0.7,3.6
Justin Patton,PHI,3.0,0.0,7.0,0.7,2.3,0.3,0.7,2.0,1.0,0.7,0.0,0.0,1.7,1.7
Chris Paul,HOU,58.0,58.0,32.0,5.2,12.4,3.0,3.5,4.6,8.2,2.0,0.3,2.6,2.5,15.6
Cameron Payne,TOT,40.0,13.0,17.8,2.4,5.6,0.8,1.0,1.8,2.7,0.7,0.2,1.1,1.6,6.3
Cameron Payne,CHI,31.0,12.0,17.3,2.2,5.4,0.7,0.8,1.7,2.7,0.6,0.2,1.1,1.6,5.7
Cameron Payne,CLE,9.0,1.0,19.6,3.0,6.1,1.2,1.8,2.1,2.6,0.9,0.3,1.2,1.7,8.2
Elfrid Payton,NOP,42.0,42.0,29.8,4.3,9.8,1.3,1.8,5.2,7.6,1.0,0.4,2.7,1.9,10.6
Gary Payton,WAS,3.0,0.0,5.3,1.7,2.7,0.0,0.0,0.7,1.3,1.0,0.3,0.3,0.7,3.7
Theo Pinson,BRK,18.0,0.0,11.7,1.4,4.1,1.1,1.2,2.0,1.2,0.3,0.0,1.0,0.8,4.5
Mason Plumlee,DEN,82.0,17.0,21.1,3.2,5.4,1.4,2.4,6.4,3.0,0.8,0.9,1.5,3.1,7.8
Miles Plumlee,ATL,18.0,0.0,9.6,1.8,2.7,0.9,1.7,2.2,0.9,0.3,0.2,0.6,0.8,4.4
Jakob Pöltl,SAS,77.0,24.0,16.5,2.4,3.8,0.6,1.2,5.3,1.2,0.4,0.9,0.6,1.6,5.5
Quincy Pondexter,SAS,53.0,0.0,5.5,0.5,1.1,0.6,0.8,0.9,0.5,0.2,0.0,0.2,0.5,1.8
Otto Porter,TOT,56.0,43.0,30.1,5.3,11.5,1.4,1.7,5.6,2.1,1.5,0.6,1.2,1.9,13.9
Otto Porter,WAS,41.0,28.0,29.0,4.9,10.8,1.2,1.6,5.6,2.0,1.6,0.5,1.0,1.9,12.6
Otto Porter,CHI,15.0,15.0,32.8,6.5,13.4,1.9,2.1,5.5,2.7,1.2,0.6,1.7,1.9,17.5
Bobby Portis,TOT,50.0,28.0,26.0,5.6,12.6,1.5,1.9,8.1,1.4,0.7,0.4,1.5,2.9,14.2
Bobby Portis,CHI,22.0,6.0,24.1,5.5,12.3,1.8,2.3,7.3,1.3,0.5,0.4,1.3,2.8,14.1
Bobby Portis,WAS,28.0,22.0,27.4,5.6,12.8,1.4,1.7,8.6,1.5,0.9,0.4,1.6,3.0,14.3
Dwight Powell,DAL,77.0,22.0,21.6,3.8,6.3,2.5,3.3,5.3,1.5,0.6,0.6,0.9,2.6,10.6
Norman Powell,TOR,60.0,3.0,18.8,3.2,6.7,1.0,1.3,2.3,1.5,0.7,0.2,1.1,1.6,8.6
Alex Poythress,ATL,21.0,1.0,14.5,1.9,3.9,0.9,1.4,3.6,0.8,0.2,0.5,0.6,2.2,5.1
Zhou Qi,HOU,1.0,0.0,1.0,1.0,1.0,0.0,0.0,0.0,0.0,0.0,0.0,0.0,0.0,2.0
Ivan Rabb,MEM,49.0,13.0,14.7,2.4,4.3,1.0,1.4,4.2,1.1,0.3,0.3,0.7,1.8,5.8
Chasson Randle,WAS,49.0,2.0,15.2,1.9,4.4,0.9,1.3,1.1,2.0,0.5,0.1,0.9,1.9,5.5
Julius Randle,NOP,73.0,49.0,30.6,7.8,14.9,4.9,6.7,8.7,3.1,0.7,0.6,2.8,3.4,21.4
J.J. Redick,PHI,76.0,63.0,31.3,5.9,13.5,3.0,3.4,2.4,2.7,0.4,0.2,1.3,1.7,18.1
Davon Reed,IND,10.0,0.0,4.7,0.5,1.2,0.0,0.0,0.6,0.3,0.1,0.0,0.1,0.3,1.2
Cameron Reynolds,MIN,19.0,0.0,13.6,1.7,4.1,0.4,0.5,1.6,0.7,0.3,0.1,0.3,1.4,5.0
Josh Richardson,MIA,73.0,73.0,34.8,5.8,14.1,2.7,3.2,3.6,4.1,1.1,0.5,1.5,2.7,16.6
Malachi Richardson,TOR,22.0,0.0,4.7,0.4,1.3,0.2,0.2,0.6,0.0,0.0,0.0,0.4,0.6,1.4
Austin Rivers,TOT,76.0,15.0,26.7,3.1,7.5,0.7,1.3,2.1,2.2,0.6,0.3,0.9,2.7,8.1
Austin Rivers,WAS,29.0,2.0,23.6,2.6,6.7,0.9,1.6,2.4,2.0,0.6,0.3,1.2,2.5,7.2
Austin Rivers,HOU,47.0,13.0,28.6,3.3,8.0,0.5,1.0,1.9,2.3,0.6,0.3,0.7,2.9,8.7
Devin Robinson,WAS,7.0,0.0,13.6,2.7,4.6,1.3,2.0,2.9,0.9,0.6,0.9,0.3,1.6,6.7
Duncan Robinson,MIA,15.0,1.0,10.7,1.2,3.1,0.3,0.4,1.3,0.3,0.3,0.0,0.3,0.7,3.3
Glenn Robinson,DET,47.0,18.0,13.0,1.6,3.7,0.7,0.9,1.5,0.4,0.3,0.2,0.4,1.0,4.2
Jerome Robinson,LAC,33.0,0.0,9.7,1.3,3.3,0.2,0.3,1.2,0.6,0.3,0.1,0.4,1.4,3.4
Mitchell Robinson,NYK,66.0,19.0,20.6,3.1,4.4,1.2,2.0,6.4,0.6,0.8,2.4,0.5,3.3,7.3
Rajon Rondo,LAL,46.0,29.0,29.8,3.8,9.4,0.5,0.8,5.3,8.0,1.2,0.2,2.8,2.2,9.2
Derrick Rose,MIN,51.0,13.0,27.3,7.1,14.8,2.7,3.1,2.7,4.3,0.6,0.2,1.6,1.1,18.0
Terrence Ross,ORL,81.0,0.0,26.5,5.4,12.7,1.6,1.8,3.5,1.7,0.9,0.4,1.1,1.5,15.1
Terry Rozier,BOS,79.0,14.0,22.7,3.3,8.4,0.9,1.2,3.9,2.9,0.9,0.3,0.9,1.3,9.0
Ricky Rubio,UTA,68.0,67.0,27.9,4.3,10.7,2.9,3.4,3.6,6.1,1.3,0.1,2.6,2.6,12.7
D'Angelo Russell,BRK,81.0,81.0,30.2,8.1,18.7,2.0,2.5,3.9,7.0,1.2,0.2,3.1,1.7,21.1
Domantas Sabonis,IND,74.0,5.0,24.8,5.6,9.5,2.8,3.9,9.3,2.9,0.6,0.4,2.2,3.2,14.1
Brandon Sampson,CHI,14.0,2.0,15.3,2.0,4.3,0.3,0.4,1.1,0.7,0.6,0.2,0.9,1.4,5.1
JaKarr Sampson,CHI,4.0,0.0,31.8,7.3,13.5,4.3,5.3,8.0,1.0,1.0,0.8,1.0,2.0,20.0
Dario Šarić,TOT,81.0,41.0,25.0,3.8,8.6,1.6,1.9,5.6,1.6,0.6,0.1,1.2,2.2,10.6
Dario Šarić,PHI,13.0,13.0,30.5,3.7,10.2,2.1,2.3,6.6,2.0,0.3,0.2,1.9,3.0,11.1
Dario Šarić,MIN,68.0,28.0,23.9,3.8,8.3,1.5,1.8,5.5,1.5,0.6,0.1,1.1,2.1,10.5
Tomáš Satoranský,WAS,80.0,54.0,27.1,3.2,6.6,1.6,2.0,3.5,5.0,1.0,0.2,1.5,2.2,8.9
Dennis Schröder,OKC,79.0,14.0,29.3,5.8,14.0,2.4,2.9,3.6,4.1,0.8,0.2,2.2,2.4,15.5
Mike Scott,TOT,79.0,3.0,17.7,2.1,5.3,0.3,0.4,3.5,0.8,0.3,0.2,0.6,2.0,5.8
Mike Scott,LAC,52.0,0.0,14.4,1.8,4.4,0.2,0.3,3.3,0.8,0.3,0.2,0.5,1.7,4.8
Mike Scott,PHI,27.0,3.0,24.0,2.8,7.0,0.4,0.6,3.8,0.8,0.3,0.2,0.6,2.5,7.8
Thabo Sefolosha,UTA,50.0,2.0,12.2,1.4,3.0,0.3,0.4,2.5,0.5,0.9,0.1,0.5,0.8,3.8
Wayne Selden,TOT,75.0,13.0,19.2,2.6,6.4,0.9,1.2,2.4,1.5,0.4,0.2,1.1,1.7,6.9
Wayne Selden,MEM,32.0,0.0,14.2,2.0,5.0,0.7,0.9,1.4,1.1,0.3,0.2,0.7,1.5,5.4
Wayne Selden,CHI,43.0,13.0,22.9,3.0,7.5,1.0,1.5,3.2,1.7,0.5,0.2,1.3,1.9,8.0
Collin Sexton,CLE,82.0,72.0,31.8,6.3,14.7,2.6,3.1,2.9,3.0,0.5,0.1,2.3,2.3,16.7
Landry Shamet,TOT,79.0,27.0,22.8,3.0,7.1,0.9,1.2,1.7,1.5,0.5,0.1,0.6,2.0,9.1
Landry Shamet,PHI,54.0,4.0,20.5,2.8,6.4,0.8,1.0,1.4,1.1,0.4,0.1,0.5,2.0,8.3
Landry Shamet,LAC,25.0,23.0,27.8,3.5,8.4,1.2,1.6,2.2,2.3,0.5,0.1,0.8,2.0,10.9
Iman Shumpert,TOT,62.0,41.0,23.9,2.7,7.2,0.6,0.7,3.0,1.8,1.0,0.4,0.8,2.0,7.5
Iman Shumpert,SAC,42.0,40.0,26.2,3.2,8.3,0.8,1.0,3.1,2.2,1.1,0.5,0.9,2.2,8.9
Iman Shumpert,HOU,20.0,1.0,19.1,1.7,4.9,0.1,0.2,2.7,1.1,0.6,0.2,0.6,1.8,4.6
Pascal Siakam,TOR,80.0,79.0,31.9,6.5,11.8,3.0,3.8,6.9,3.1,0.9,0.7,1.9,3.0,16.9
Jordan Sibert,ATL,1.0,0.0,4.0,1.0,1.0,0.0,0.0,0.0,0.0,0.0,0.0,0.0,0.0,3.0
Ben Simmons,PHI,79.0,79.0,34.2,6.8,12.2,3.3,5.4,8.8,7.7,1.4,0.8,3.5,2.6,16.9
Jonathon Simmons,TOT,56.0,9.0,19.0,2.4,6.3,1.3,1.7,2.3,2.3,0.5,0.3,1.2,1.6,6.5
Jonathon Simmons,ORL,41.0,9.0,20.6,2.5,7.0,1.4,1.8,2.4,2.3,0.4,0.3,1.4,1.7,6.9
Jonathon Simmons,PHI,15.0,0.0,14.6,1.9,4.3,1.1,1.7,1.7,2.2,0.7,0.1,0.8,1.4,5.5
Kobi Simmons,CLE,1.0,0.0,2.0,0.0,0.0,0.0,0.0,0.0,0.0,0.0,0.0,0.0,0.0,0.0
Anfernee Simons,POR,20.0,1.0,7.1,1.4,3.2,0.5,0.8,0.7,0.7,0.1,0.0,0.6,0.5,3.8
Marcus Smart,BOS,80.0,60.0,27.5,3.0,7.1,1.3,1.6,2.9,4.0,1.8,0.4,1.5,2.5,8.9
Dennis Smith,TOT,53.0,50.0,28.5,5.2,12.3,1.9,2.9,2.9,4.8,1.3,0.4,2.9,2.4,13.6
Dennis Smith,DAL,32.0,32.0,28.4,4.9,11.2,1.8,2.6,3.0,4.3,1.3,0.3,3.1,2.6,12.9
Dennis Smith,NYK,21.0,18.0,28.6,5.8,14.0,2.0,3.5,2.8,5.4,1.3,0.4,2.6,2.2,14.7
Ish Smith,DET,56.0,0.0,22.3,3.7,8.7,0.8,1.1,2.6,3.6,0.5,0.2,1.1,1.9,8.9
J.R. Smith,CLE,11.0,4.0,20.2,2.5,7.2,0.7,0.9,1.6,1.9,1.0,0.3,1.0,1.7,6.7
Jason Smith,TOT,20.0,1.0,9.5,1.1,3.0,0.7,0.8,2.6,0.7,0.2,0.4,0.7,1.5,3.3
Jason Smith,WAS,12.0,1.0,10.8,1.3,3.1,0.8,1.0,3.1,1.0,0.1,0.4,0.6,1.8,3.7
Jason Smith,MIL,6.0,0.0,6.7,0.7,2.2,0.3,0.3,1.8,0.2,0.3,0.3,0.8,1.0,2.2
Jason Smith,NOP,2.0,0.0,10.0,1.0,4.5,1.0,1.0,2.0,0.5,0.0,0.0,0.5,1.5,4.0
Zhaire Smith,PHI,6.0,2.0,18.5,2.3,5.7,1.0,1.3,2.2,1.7,0.3,0.3,1.0,1.3,6.7
Tony Snell,MIL,74.0,12.0,17.6,2.2,4.9,0.5,0.6,2.1,0.9,0.4,0.2,0.3,1.2,6.0
Ray Spalding,TOT,14.0,3.0,10.6,1.8,3.4,0.3,0.9,3.4,0.4,0.6,0.6,0.6,1.6,3.9
Ray Spalding,DAL,1.0,0.0,1.0,0.0,0.0,0.0,0.0,0.0,0.0,0.0,0.0,0.0,0.0,0.0
Ray Spalding,PHO,13.0,3.0,11.3,1.9,3.6,0.3,0.9,3.7,0.4,0.7,0.6,0.7,1.8,4.2
Omari Spellman,ATL,46.0,11.0,17.5,2.1,5.3,0.7,1.0,4.2,1.0,0.6,0.5,0.7,1.5,5.9
Nik Stauskas,TOT,68.0,0.0,14.9,2.0,5.0,0.8,0.9,1.9,1.2,0.3,0.1,0.8,0.7,5.9
Nik Stauskas,POR,44.0,0.0,15.3,2.2,5.2,0.7,0.8,1.8,1.4,0.3,0.1,0.9,0.7,6.1
Nik Stauskas,CLE,24.0,0.0,14.3,1.7,4.5,1.0,1.2,2.0,0.8,0.3,0.1,0.5,0.8,5.5
D.J. Stephens,MEM,1.0,0.0,7.0,1.0,2.0,0.0,0.0,0.0,0.0,1.0,0.0,1.0,0.0,2.0
Lance Stephenson,LAL,68.0,3.0,16.5,2.7,6.4,0.7,1.1,3.2,2.1,0.6,0.1,1.3,1.6,7.2
Edmond Sumner,IND,23.0,2.0,9.1,1.0,2.8,0.7,1.0,1.0,0.4,0.5,0.2,0.4,1.1,2.9
Caleb Swanigan,TOT,21.0,0.0,8.5,0.9,2.5,0.3,0.4,3.0,0.5,0.3,0.0,0.9,1.3,2.0
Caleb Swanigan,POR,18.0,0.0,8.1,0.8,2.4,0.3,0.4,2.9,0.4,0.2,0.0,0.9,1.2,1.9
Caleb Swanigan,SAC,3.0,0.0,11.0,1.3,3.0,0.0,0.7,4.0,1.3,0.7,0.3,0.7,2.0,2.7
Jayson Tatum,BOS,79.0,79.0,31.1,5.9,13.1,2.5,2.9,6.0,2.1,1.1,0.7,1.5,2.1,15.7
Jeff Teague,MIN,42.0,41.0,30.1,4.2,9.9,2.9,3.6,2.5,8.2,1.0,0.4,2.3,2.1,12.1
Garrett Temple,TOT,75.0,55.0,27.2,2.8,6.6,1.1,1.4,2.9,1.4,1.0,0.4,0.9,2.7,7.8
Garrett Temple,MEM,49.0,49.0,31.2,3.4,7.9,1.2,1.6,3.1,1.4,1.0,0.5,1.1,2.7,9.4
Garrett Temple,LAC,26.0,6.0,19.6,1.6,4.1,0.9,1.2,2.5,1.4,1.0,0.2,0.6,2.7,4.7
Miloš Teodosić,LAC,15.0,0.0,10.0,1.1,2.7,0.3,0.5,1.1,2.1,0.2,0.1,1.4,1.8,3.2
Jared Terrell,MIN,14.0,0.0,7.9,0.9,2.8,0.2,0.4,0.4,0.9,0.2,0.1,0.7,1.1,2.2
Emanuel Terry,TOT,3.0,0.0,7.7,1.3,2.3,0.7,1.3,2.3,0.7,1.0,0.0,0.7,1.3,3.3
Emanuel Terry,PHO,2.0,0.0,10.0,2.0,3.0,0.5,1.0,3.0,0.5,1.5,0.0,1.0,2.0,4.5
Emanuel Terry,MIA,1.0,0.0,3.0,0.0,1.0,1.0,2.0,1.0,1.0,0.0,0.0,0.0,0.0,1.0
Daniel Theis,BOS,66.0,2.0,13.8,2.2,4.0,0.8,1.2,3.4,1.0,0.3,0.6,0.5,2.4,5.7
Isaiah Thomas,DEN,12.0,0.0,15.1,2.8,8.3,1.4,2.3,1.1,1.9,0.4,0.1,1.5,1.4,8.1
Khyri Thomas,DET,26.0,0.0,7.5,0.8,2.7,0.3,0.4,0.8,0.3,0.3,0.2,0.2,0.8,2.3
Lance Thomas,NYK,46.0,17.0,17.0,1.7,4.3,0.6,0.8,2.5,0.6,0.4,0.2,0.5,1.8,4.5
Klay Thompson,GSW,78.0,78.0,34.0,8.4,18.0,1.7,2.0,3.8,2.4,1.1,0.6,1.5,2.0,21.5
Tristan Thompson,CLE,43.0,40.0,27.9,4.7,8.8,1.6,2.5,10.2,2.0,0.7,0.4,1.4,2.1,10.9
Sindarius Thornwell,LAC,64.0,1.0,4.9,0.3,0.8,0.4,0.5,0.7,0.3,0.2,0.1,0.3,0.6,1.0
Anthony Tolliver,MIN,65.0,0.0,16.6,1.5,4.0,0.7,0.9,2.7,0.7,0.3,0.3,0.6,1.4,5.0
Karl-Anthony Towns,MIN,77.0,77.0,33.1,8.8,17.1,4.9,5.8,12.4,3.4,0.9,1.6,3.1,3.8,24.4
Gary Trent,POR,15.0,1.0,7.4,1.1,3.3,0.2,0.5,0.7,0.3,0.1,0.1,0.3,0.3,2.7
Allonzo Trier,NYK,64.0,3.0,22.8,3.6,8.1,2.8,3.5,3.1,1.9,0.4,0.2,1.8,1.8,10.9
P.J. Tucker,HOU,82.0,82.0,34.2,2.5,6.4,0.5,0.7,5.8,1.2,1.6,0.5,0.8,3.1,7.3
Evan Turner,POR,73.0,2.0,22.0,2.8,6.1,1.0,1.5,4.5,3.9,0.5,0.2,1.6,1.5,6.8
Myles Turner,IND,74.0,74.0,28.6,5.1,10.5,2.0,2.7,7.2,1.6,0.8,2.7,1.4,2.6,13.3
Ekpe Udoh,UTA,51.0,1.0,6.3,1.0,1.4,0.4,0.6,1.8,0.5,0.2,0.6,0.3,0.7,2.3
Tyler Ulis,CHI,1.0,0.0,1.0,0.0,0.0,0.0,0.0,0.0,0.0,0.0,0.0,0.0,0.0,0.0
Jonas Valančiūnas,TOT,49.0,27.0,22.3,6.1,11.0,3.0,3.8,8.6,1.4,0.4,1.1,1.8,3.0,15.6
Jonas Valančiūnas,TOR,30.0,10.0,18.8,5.0,8.6,2.6,3.1,7.2,1.0,0.4,0.8,1.3,2.7,12.8
Jonas Valančiūnas,MEM,19.0,17.0,27.7,8.0,14.7,3.7,4.8,10.7,2.2,0.3,1.6,2.7,3.4,19.9
Jarred Vanderbilt,DEN,17.0,0.0,4.1,0.5,1.1,0.4,0.6,1.4,0.2,0.4,0.1,0.5,0.5,1.4
Fred VanVleet,TOR,64.0,28.0,27.5,3.8,9.4,1.5,1.8,2.6,4.8,0.9,0.3,1.3,1.7,11.0
Noah Vonleh,NYK,68.0,57.0,25.3,3.0,6.5,1.6,2.3,7.8,1.9,0.7,0.8,1.3,2.6,8.4
Nikola Vučević,ORL,80.0,80.0,31.4,8.8,16.9,2.2,2.8,12.0,3.8,1.0,1.1,2.0,2.0,20.8
Dwyane Wade,MIA,72.0,2.0,26.2,5.8,13.3,2.3,3.2,4.0,4.2,0.8,0.5,2.3,1.6,15.0
Moritz Wagner,LAL,43.0,5.0,10.4,1.7,4.0,1.0,1.2,2.0,0.6,0.3,0.3,0.9,1.3,4.8
Dion Waiters,MIA,44.0,28.0,25.9,4.5,10.9,0.5,1.0,2.6,2.8,0.7,0.2,1.5,1.6,12.0
Kemba Walker,CHO,82.0,82.0,34.9,8.9,20.5,4.6,5.5,4.4,5.9,1.2,0.4,2.6,1.6,25.6
Lonnie Walker,SAS,17.0,0.0,6.9,0.9,2.7,0.5,0.6,1.0,0.5,0.4,0.2,0.2,0.4,2.6
John Wall,WAS,32.0,32.0,34.5,7.7,17.3,3.8,5.5,3.6,8.7,1.5,0.9,3.8,2.2,20.7
Tyrone Wallace,LAC,62.0,0.0,10.1,1.5,3.5,0.5,0.9,1.6,0.7,0.3,0.1,0.6,1.3,3.5
Taurean Waller-Prince,ATL,55.0,47.0,28.2,4.8,10.8,1.7,2.1,3.6,2.1,1.0,0.3,1.8,2.6,13.5
Brad Wanamaker,BOS,36.0,0.0,9.5,1.4,2.9,0.7,0.8,1.1,1.6,0.3,0.1,0.5,0.9,3.9
T.J. Warren,PHO,43.0,36.0,31.6,6.9,14.2,2.3,2.9,4.0,1.5,1.2,0.7,1.2,2.8,18.0
Julian Washburn,MEM,18.0,3.0,14.1,0.9,2.7,0.2,0.2,2.3,0.8,0.7,0.1,0.4,0.9,2.2
Yuta Watanabe,MEM,15.0,0.0,11.6,1.0,3.4,0.5,0.7,2.1,0.5,0.3,0.1,0.4,0.7,2.6
Thomas Welsh,DEN,11.0,0.0,3.3,0.6,1.2,0.1,0.2,0.4,0.5,0.0,0.0,0.1,0.3,1.6
Russell Westbrook,OKC,73.0,73.0,36.0,8.6,20.2,4.1,6.2,11.1,10.7,1.9,0.5,4.5,3.4,22.9
Derrick White,SAS,67.0,55.0,25.8,3.9,8.1,1.4,1.8,3.7,3.9,1.0,0.7,1.4,2.2,9.9
Okaro White,WAS,3.0,0.0,2.0,0.0,0.7,0.0,0.0,0.7,0.0,0.0,0.0,0.0,0.0,0.0
Hassan Whiteside,MIA,72.0,53.0,23.3,5.4,9.4,1.5,3.4,11.3,0.8,0.6,1.9,1.3,2.7,12.3
Andrew Wiggins,MIN,73.0,73.0,34.8,6.8,16.6,2.8,4.1,4.8,2.5,1.0,0.7,1.9,2.1,18.1
Alan Williams,BRK,5.0,0.0,5.2,1.6,2.6,0.4,0.8,3.8,0.6,0.2,0.0,0.2,0.4,3.6
C.J. Williams,MIN,15.0,0.0,8.5,1.1,2.3,0.0,0.1,0.5,0.8,0.4,0.0,0.3,1.1,2.6
Johnathan Williams,LAL,24.0,0.0,15.5,2.7,4.6,1.1,2.0,4.1,0.5,0.3,0.3,0.7,2.6,6.5
Kenrich Williams,NOP,46.0,29.0,23.5,2.3,6.1,0.3,0.4,4.8,1.8,1.0,0.4,0.8,2.1,6.1
Lou Williams,LAC,75.0,1.0,26.6,6.5,15.2,5.7,6.5,3.0,5.4,0.8,0.1,2.4,1.1,20.0
Marvin Williams,CHO,75.0,75.0,28.4,3.7,8.7,0.9,1.1,5.4,1.2,0.9,0.8,0.6,2.1,10.1
Robert Williams,BOS,32.0,2.0,8.8,1.1,1.6,0.3,0.5,2.5,0.2,0.3,1.3,0.3,1.1,2.5
Troy Williams,SAC,21.0,0.0,14.9,2.1,4.7,0.4,0.7,2.8,0.5,0.5,0.4,0.4,1.8,5.3
D.J. Wilson,MIL,48.0,3.0,18.4,2.2,5.2,0.5,1.0,4.6,1.1,0.4,0.4,0.7,1.8,5.8
Justise Winslow,MIA,66.0,52.0,29.7,4.9,11.3,1.3,2.1,5.4,4.3,1.1,0.3,2.2,2.7,12.6
Christian Wood,TOT,21.0,2.0,12.0,2.9,5.6,2.0,2.7,4.0,0.4,0.3,0.5,0.8,0.8,8.2
Christian Wood,MIL,13.0,0.0,4.8,0.9,1.9,0.8,1.2,1.5,0.2,0.0,0.0,0.2,0.2,2.8
Christian Wood,NOP,8.0,2.0,23.6,6.1,11.5,3.9,5.1,7.9,0.8,0.9,1.3,1.8,1.8,16.9
Delon Wright,TOT,75.0,13.0,22.7,3.2,7.4,1.6,2.0,3.5,3.3,1.2,0.4,1.0,1.4,8.7
Delon Wright,TOR,49.0,2.0,18.3,2.6,6.0,1.1,1.2,2.6,2.2,0.9,0.3,0.8,1.1,6.9
Delon Wright,MEM,26.0,11.0,30.8,4.4,10.2,2.5,3.4,5.4,5.3,1.6,0.6,1.5,1.9,12.2
Guerschon Yabusele,BOS,41.0,1.0,6.1,0.9,1.9,0.4,0.5,1.3,0.4,0.2,0.2,0.4,0.8,2.3
Nick Young,DEN,4.0,0.0,9.3,0.8,2.3,0.0,0.0,0.3,0.5,0.0,0.3,0.5,1.0,2.3
Thaddeus Young,IND,81.0,81.0,30.7,5.5,10.4,1.1,1.7,6.5,2.5,1.5,0.4,1.5,2.4,12.6
Trae Young,ATL,81.0,81.0,30.9,6.5,15.5,4.2,5.1,3.7,8.1,0.9,0.2,3.8,1.7,19.1
Cody Zeller,CHO,49.0,47.0,25.4,3.9,7.0,2.3,2.9,6.8,2.1,0.8,0.8,1.3,3.3,10.1
Tyler Zeller,TOT,6.0,1.0,15.5,2.7,5.0,2.3,3.0,4.0,0.7,0.2,0.5,0.7,3.3,7.7
Tyler Zeller,ATL,2.0,0.0,5.5,0.0,1.0,0.0,0.0,3.0,0.5,0.0,0.0,0.0,2.0,0.0
Tyler Zeller,MEM,4.0,1.0,20.5,4.0,7.0,3.5,4.5,4.5,0.8,0.3,0.8,1.0,4.0,11.5
Ante Žižić,CLE,59.0,25.0,18.3,3.1,5.6,1.6,2.2,5.4,0.9,0.2,0.4,1.0,1.9,7.8
Ivica Zubac,TOT,59.0,37.0,17.6,3.6,6.4,1.7,2.1,6.1,1.1,0.2,0.9,1.2,2.3,8.9
Ivica Zubac,LAL,33.0,12.0,15.6,3.4,5.8,1.7,2.0,4.9,0.8,0.1,0.8,1.0,2.2,8.5
Ivica Zubac,LAC,26.0,25.0,20.2,3.8,7.2,1.7,2.3,7.7,1.5,0.4,0.9,1.4,2.5,9.4
